{
    "id": 1,
    "method": "stage_1",
    "content": {
        "arguments": {
            "vesPostion": {
                "a1": {
                    "coord": [
                        121.65455080610577,
                        38.82124442054658
                    ],
                    "spd": 20.00017105979317,
                    "course": 174.19240992526113
                },
                "a2": {
                    "coord": [
                        121.6545068655676,
                        38.82011419120982
                    ],
                    "spd": 20.00017105979336,
                    "course": 172.62960949663147
                },
                "a3": {
                    "coord": [
                        121.654457736829,
                        38.81890843806285
                    ],
                    "spd": 20.000171059793153,
                    "course": 170.9045092906694
                },
                "a4": {
                    "coord": [
                        121.65514223755946,
                        38.81642158693536
                    ],
                    "spd": 20.000171059793296,
                    "course": 278.0947599399615
                },
                "a5": {
                    "coord": [
                        121.65421352658296,
                        38.8150399672265
                    ],
                    "spd": 20.000171059793104,
                    "course": 314.0910746463104
                },
                "a6": {
                    "coord": [
                        121.6540688293372,
                        38.813930936553845
                    ],
                    "spd": 20.000171059793235,
                    "course": 318.8597437994756
                },
                "a7": {
                    "coord": [
                        121.65430422734535,
                        38.81275805984794
                    ],
                    "spd": 20.00017105979314,
                    "course": 311.050195600438
                },
                "a8": {
                    "coord": [
                        121.65441794511374,
                        38.81163807788305
                    ],
                    "spd": 20.000171059793185,
                    "course": 307.1645811919047
                }
            },
            "road": [
                {
                    "id": "a1",
                    "path": {
                        "shape": "LineString",
                        "points": [
                            {
                                "coord": [
                                    121.65480909108801,
                                    38.82150589448771
                                ],
                                "spd": 1934125.1091556519
                            }
                        ]
                    }
                },
                {
                    "id": "a2",
                    "path": {
                        "shape": "LineString",
                        "points": [
                            {
                                "coord": [
                                    121.65475050327466,
                                    38.820379009616836
                                ],
                                "spd": 1934124.8773015733
                            }
                        ]
                    }
                },
                {
                    "id": "a3",
                    "path": {
                        "shape": "LineString",
                        "points": [
                            {
                                "coord": [
                                    121.6546849977846,
                                    38.81917671951213
                                ],
                                "spd": 1934124.6371131605
                            }
                        ]
                    }
                },
                {
                    "id": "a4",
                    "path": {
                        "shape": "LineString",
                        "points": [
                            {
                                "coord": [
                                    121.6555976447037,
                                    38.81623584480009
                                ],
                                "spd": 1934155.9072922876
                            }
                        ]
                    }
                },
                {
                    "id": "a5",
                    "path": {
                        "shape": "LineString",
                        "points": [
                            {
                                "coord": [
                                    121.65435936959878,
                                    38.81475845217453
                                ],
                                "spd": 1934162.4871753335
                            }
                        ]
                    }
                },
                {
                    "id": "a6",
                    "path": {
                        "shape": "LineString",
                        "points": [
                            {
                                "coord": [
                                    121.65416644180185,
                                    38.81364446421426
                                ],
                                "spd": 1934162.8270119613
                            }
                        ]
                    }
                },
                {
                    "id": "a7",
                    "path": {
                        "shape": "LineString",
                        "points": [
                            {
                                "coord": [
                                    121.65448030284254,
                                    38.812480762375294
                                ],
                                "spd": 1934162.2001822428
                            }
                        ]
                    }
                },
                {
                    "id": "a8",
                    "path": {
                        "shape": "LineString",
                        "points": [
                            {
                                "coord": [
                                    121.6546319252353,
                                    38.811367281752176
                                ],
                                "spd": 1934161.7552949637
                            }
                        ]
                    }
                }
            ]
        }
    }
}