{
    "id": 1,
    "method": "stage_1",
    "content": {
        "arguments": {
            "vesPostion": {
                "a1": {
                    "coord": [
                        121.65635890193354,
                        38.8230747881823
                    ],
                    "spd": 20.00017105979317,
                    "course": 174.19240992526113
                },
                "a2": {
                    "coord": [
                        121.65621242596309,
                        38.82196797302829
                    ],
                    "spd": 20.000171059793185,
                    "course": 172.62960949663142
                },
                "a3": {
                    "coord": [
                        121.6564137835035,
                        38.820518991676266
                    ],
                    "spd": 20.000171059793153,
                    "course": 238.18120308537675
                },
                "a4": {
                    "coord": [
                        121.6585592669842,
                        38.81624086293936
                    ],
                    "spd": 20.00017105979317,
                    "course": 238.14495683731178
                },
                "a5": {
                    "coord": [
                        121.65523436632522,
                        38.813069429967996
                    ],
                    "spd": 20.00017105979336,
                    "course": 314.0910746463097
                },
                "a6": {
                    "coord": [
                        121.65475207479234,
                        38.811925702950774
                    ],
                    "spd": 20.00017105979297,
                    "course": 318.859743799475
                },
                "a7": {
                    "coord": [
                        121.65553668284466,
                        38.81081704176247
                    ],
                    "spd": 20.00017105979314,
                    "course": 311.050195600438
                },
                "a8": {
                    "coord": [
                        121.65591571935109,
                        38.809742563301434
                    ],
                    "spd": 20.000171059793185,
                    "course": 307.1645811919047
                }
            },
            "road": [
                {
                    "id": "a1",
                    "path": {
                        "shape": "LineString",
                        "points": [
                            {
                                "coord": [
                                    121.65661722056763,
                                    38.823336278806075
                                ],
                                "spd": 1934125.1091556516
                            }
                        ]
                    }
                },
                {
                    "id": "a2",
                    "path": {
                        "shape": "LineString",
                        "points": [
                            {
                                "coord": [
                                    121.65645609581998,
                                    38.82223280909184
                                ],
                                "spd": 1934124.8773015735
                            }
                        ]
                    }
                },
                {
                    "id": "a3",
                    "path": {
                        "shape": "LineString",
                        "points": [
                            {
                                "coord": [
                                    121.65700619937924,
                                    38.82051981356598
                                ],
                                "spd": 1934143.0682813686
                            }
                        ]
                    }
                },
                {
                    "id": "a4",
                    "path": {
                        "shape": "LineString",
                        "points": [
                            {
                                "coord": [
                                    121.6591515915668,
                                    38.8162418575586
                                ],
                                "spd": 1934143.055628951
                            }
                        ]
                    }
                },
                {
                    "id": "a5",
                    "path": {
                        "shape": "LineString",
                        "points": [
                            {
                                "coord": [
                                    121.65538018888573,
                                    38.81278793761745
                                ],
                                "spd": 1934162.4871753335
                            }
                        ]
                    }
                },
                {
                    "id": "a6",
                    "path": {
                        "shape": "LineString",
                        "points": [
                            {
                                "coord": [
                                    121.6548496733251,
                                    38.81163925486874
                                ],
                                "spd": 1934162.8270119613
                            }
                        ]
                    }
                },
                {
                    "id": "a7",
                    "path": {
                        "shape": "LineString",
                        "points": [
                            {
                                "coord": [
                                    121.65571273401576,
                                    38.81053976569724
                                ],
                                "spd": 1934162.2001822428
                            }
                        ]
                    }
                },
                {
                    "id": "a8",
                    "path": {
                        "shape": "LineString",
                        "points": [
                            {
                                "coord": [
                                    121.6561296706025,
                                    38.80947178661521
                                ],
                                "spd": 1934161.7552949637
                            }
                        ]
                    }
                }
            ]
        }
    }
}