{
    "id": 1,
    "method": "stage_1",
    "content": {
        "arguments": {
            "vesPostion": {
                "a1": {
                    "coord": [
                        121.65429252593043,
                        38.82098294898866
                    ],
                    "spd": 20.00017105979317,
                    "course": 174.19240992526113
                },
                "a2": {
                    "coord": [
                        121.65426323245288,
                        38.81984937532513
                    ],
                    "spd": 20.00017105979336,
                    "course": 172.62960949663147
                },
                "a3": {
                    "coord": [
                        121.65423048021312,
                        38.818640159281834
                    ],
                    "spd": 20.000171059793153,
                    "course": 170.9045092906694
                },
                "a4": {
                    "coord": [
                        121.65468682439412,
                        38.81660732878653
                    ],
                    "spd": 20.000171059793296,
                    "course": 278.0947599399615
                },
                "a5": {
                    "coord": [
                        121.65406768064462,
                        38.815321485521686
                    ],
                    "spd": 20.000171059793104,
                    "course": 314.0910746463104
                },
                "a6": {
                    "coord": [
                        121.65397121488206,
                        38.814217412358964
                    ],
                    "spd": 20.000171059793235,
                    "course": 318.8597437994756
                },
                "a7": {
                    "coord": [
                        121.65412814837259,
                        38.81303536037891
                    ],
                    "spd": 20.00017105979314,
                    "course": 311.050195600438
                },
                "a8": {
                    "coord": [
                        121.65420396086739,
                        38.81190887679181
                    ],
                    "spd": 20.000171059793185,
                    "course": 307.1645811919047
                }
            },
            "road": [
                {
                    "id": "a1",
                    "path": {
                        "shape": "LineString",
                        "points": [
                            {
                                "coord": [
                                    121.65455080610577,
                                    38.82124442054658
                                ],
                                "spd": 1934125.1091556523
                            }
                        ]
                    }
                },
                {
                    "id": "a2",
                    "path": {
                        "shape": "LineString",
                        "points": [
                            {
                                "coord": [
                                    121.6545068655676,
                                    38.82011419120982
                                ],
                                "spd": 1934124.8773015735
                            }
                        ]
                    }
                },
                {
                    "id": "a3",
                    "path": {
                        "shape": "LineString",
                        "points": [
                            {
                                "coord": [
                                    121.654457736829,
                                    38.81890843806285
                                ],
                                "spd": 1934124.6371131605
                            }
                        ]
                    }
                },
                {
                    "id": "a4",
                    "path": {
                        "shape": "LineString",
                        "points": [
                            {
                                "coord": [
                                    121.65514223755946,
                                    38.81642158693536
                                ],
                                "spd": 1934155.907292287
                            }
                        ]
                    }
                },
                {
                    "id": "a5",
                    "path": {
                        "shape": "LineString",
                        "points": [
                            {
                                "coord": [
                                    121.65421352658296,
                                    38.8150399672265
                                ],
                                "spd": 1934162.487175334
                            }
                        ]
                    }
                },
                {
                    "id": "a6",
                    "path": {
                        "shape": "LineString",
                        "points": [
                            {
                                "coord": [
                                    121.6540688293372,
                                    38.813930936553845
                                ],
                                "spd": 1934162.8270119608
                            }
                        ]
                    }
                },
                {
                    "id": "a7",
                    "path": {
                        "shape": "LineString",
                        "points": [
                            {
                                "coord": [
                                    121.65430422734535,
                                    38.81275805984794
                                ],
                                "spd": 1934162.2001822428
                            }
                        ]
                    }
                },
                {
                    "id": "a8",
                    "path": {
                        "shape": "LineString",
                        "points": [
                            {
                                "coord": [
                                    121.65441794511374,
                                    38.81163807788305
                                ],
                                "spd": 1934161.7552949637
                            }
                        ]
                    }
                }
            ]
        }
    }
}