{
    "id": 1,
    "method": "stage_1",
    "content": {
        "arguments": {
            "vesPostion": {
                "a1": {
                    "coord": [
                        121.65584227908857,
                        38.82255181408451
                    ],
                    "spd": 20.00017105979317,
                    "course": 174.19240992526113
                },
                "a2": {
                    "coord": [
                        121.65572510002879,
                        38.82143830846836
                    ],
                    "spd": 20.00017105979336,
                    "course": 172.62960949663147
                },
                "a3": {
                    "coord": [
                        121.65559408500653,
                        38.82024987199193
                    ],
                    "spd": 20.00017105979321,
                    "course": 170.90450929066841
                },
                "a4": {
                    "coord": [
                        121.65737461794512,
                        38.81623886469227
                    ],
                    "spd": 20.00017105979317,
                    "course": 238.14495683731178
                },
                "a5": {
                    "coord": [
                        121.65494271243838,
                        38.81363242439797
                    ],
                    "spd": 20.000171059793104,
                    "course": 314.0910746463104
                },
                "a6": {
                    "coord": [
                        121.6545568717565,
                        38.812498609510534
                    ],
                    "spd": 20.000171059793235,
                    "course": 318.8597437994756
                },
                "a7": {
                    "coord": [
                        121.6551845700778,
                        38.81137160306731
                    ],
                    "spd": 20.00017105979314,
                    "course": 311.050195600438
                },
                "a8": {
                    "coord": [
                        121.65548780447622,
                        38.81028412500713
                    ],
                    "spd": 20.000171059793185,
                    "course": 307.1645811919047
                }
            },
            "road": [
                {
                    "id": "a1",
                    "path": {
                        "shape": "LineString",
                        "points": [
                            {
                                "coord": [
                                    121.65610058810722,
                                    38.822813299941785
                                ],
                                "spd": 1934125.1091556519
                            }
                        ]
                    }
                },
                {
                    "id": "a2",
                    "path": {
                        "shape": "LineString",
                        "points": [
                            {
                                "coord": [
                                    121.6559687606994,
                                    38.821703139487134
                                ],
                                "spd": 1934124.8773015735
                            }
                        ]
                    }
                },
                {
                    "id": "a3",
                    "path": {
                        "shape": "LineString",
                        "points": [
                            {
                                "coord": [
                                    121.65582136766248,
                                    38.82051816678264
                                ],
                                "spd": 1934124.6371131605
                            }
                        ]
                    }
                },
                {
                    "id": "a4",
                    "path": {
                        "shape": "LineString",
                        "points": [
                            {
                                "coord": [
                                    121.65796694244361,
                                    38.81623986531725
                                ],
                                "spd": 1934143.055628951
                            }
                        ]
                    }
                },
                {
                    "id": "a5",
                    "path": {
                        "shape": "LineString",
                        "points": [
                            {
                                "coord": [
                                    121.65508854084283,
                                    38.81335092556148
                                ],
                                "spd": 1934162.4871753335
                            }
                        ]
                    }
                },
                {
                    "id": "a6",
                    "path": {
                        "shape": "LineString",
                        "points": [
                            {
                                "coord": [
                                    121.6546544742695,
                                    38.81221215449801
                                ],
                                "spd": 1934162.8270119613
                            }
                        ]
                    }
                },
                {
                    "id": "a7",
                    "path": {
                        "shape": "LineString",
                        "points": [
                            {
                                "coord": [
                                    121.6553606281987,
                                    38.811094320885815
                                ],
                                "spd": 1934162.2001822426
                            }
                        ]
                    }
                },
                {
                    "id": "a8",
                    "path": {
                        "shape": "LineString",
                        "points": [
                            {
                                "coord": [
                                    121.65570176397569,
                                    38.8100133427654
                                ],
                                "spd": 1934161.7552949637
                            }
                        ]
                    }
                }
            ]
        }
    }
}