{
    "id": 1,
    "method": "stage_1",
    "content": {
        "arguments": {
            "vesPostion": {
                "a1": {
                    "coord": [
                        121.65790888585907,
                        38.82464376767366
                    ],
                    "spd": 20.00017105979317,
                    "course": 174.19240992526113
                },
                "a2": {
                    "coord": [
                        121.65767451400662,
                        38.823557027245684
                    ],
                    "spd": 20.00017105979314,
                    "course": 172.6296094966324
                },
                "a3": {
                    "coord": [
                        121.65996827927427,
                        38.82052387795589
                    ],
                    "spd": 20.000171059793153,
                    "course": 238.18120308537675
                },
                "a4": {
                    "coord": [
                        121.66211321510531,
                        38.8162467856117
                    ],
                    "spd": 20.00017105979317,
                    "course": 238.14495683731178
                },
                "a5": {
                    "coord": [
                        121.65640987057488,
                        38.81194477983738
                    ],
                    "spd": 20.000171059793225,
                    "course": 238.08745110563945
                },
                "a6": {
                    "coord": [
                        121.65533763613976,
                        38.81020706643548
                    ],
                    "spd": 20.00017105979297,
                    "course": 318.859743799475
                },
                "a7": {
                    "coord": [
                        121.65659293775187,
                        38.80915343124183
                    ],
                    "spd": 20.00017105979337,
                    "course": 311.0501956004387
                },
                "a8": {
                    "coord": [
                        121.65719936500403,
                        38.808117944849876
                    ],
                    "spd": 20.000171059793185,
                    "course": 307.1645811919047
                }
            },
            "road": [
                {
                    "id": "a1",
                    "path": {
                        "shape": "LineString",
                        "points": [
                            {
                                "coord": [
                                    121.65816723334241,
                                    38.82490527259696
                                ],
                                "spd": 1934125.1091556516
                            }
                        ]
                    }
                },
                {
                    "id": "a2",
                    "path": {
                        "shape": "LineString",
                        "points": [
                            {
                                "coord": [
                                    121.65791821142521,
                                    38.82382187844374
                                ],
                                "spd": 1934124.8773015735
                            }
                        ]
                    }
                },
                {
                    "id": "a3",
                    "path": {
                        "shape": "LineString",
                        "points": [
                            {
                                "coord": [
                                    121.66056069535566,
                                    38.82052468182213
                                ],
                                "spd": 1934143.0682813688
                            }
                        ]
                    }
                },
                {
                    "id": "a4",
                    "path": {
                        "shape": "LineString",
                        "points": [
                            {
                                "coord": [
                                    121.66270553993725,
                                    38.816247762213706
                                ],
                                "spd": 1934143.0556289505
                            }
                        ]
                    }
                },
                {
                    "id": "a5",
                    "path": {
                        "shape": "LineString",
                        "points": [
                            {
                                "coord": [
                                    121.65700210216801,
                                    38.8119460766498
                                ],
                                "spd": 1934143.0355555546
                            }
                        ]
                    }
                },
                {
                    "id": "a6",
                    "path": {
                        "shape": "LineString",
                        "points": [
                            {
                                "coord": [
                                    121.6554352227333,
                                    38.809920639143876
                                ],
                                "spd": 1934162.8270119608
                            }
                        ]
                    }
                },
                {
                    "id": "a7",
                    "path": {
                        "shape": "LineString",
                        "points": [
                            {
                                "coord": [
                                    121.6567689680759,
                                    38.80887617352469
                                ],
                                "spd": 1934162.2001822428
                            }
                        ]
                    }
                },
                {
                    "id": "a8",
                    "path": {
                        "shape": "LineString",
                        "points": [
                            {
                                "coord": [
                                    121.657413291514,
                                    38.80784718482982
                                ],
                                "spd": 1934161.7552949637
                            }
                        ]
                    }
                }
            ]
        }
    }
}