{
    "id": 1,
    "method": "stage_1",
    "content": {
        "arguments": {
            "vesPostion": {
                "a1": {
                    "coord": [
                        121.65868394273518,
                        38.825428289593376
                    ],
                    "spd": 20.000171059793136,
                    "course": 174.19240992526213
                },
                "a2": {
                    "coord": [
                        121.65840562004468,
                        38.8243515884072
                    ],
                    "spd": 20.000171059793185,
                    "course": 172.62960949663142
                },
                "a3": {
                    "coord": [
                        121.66174552761979,
                        38.820526280542886
                    ],
                    "spd": 20.000171059793153,
                    "course": 238.18120308537675
                },
                "a4": {
                    "coord": [
                        121.66389018972431,
                        38.81624970640906
                    ],
                    "spd": 20.00017105979317,
                    "course": 238.14495683731178
                },
                "a5": {
                    "coord": [
                        121.65818656551801,
                        38.811948661269206
                    ],
                    "spd": 20.000171059793225,
                    "course": 238.08745110563945
                },
                "a6": {
                    "coord": [
                        121.65563038995141,
                        38.809347794955336
                    ],
                    "spd": 20.00017105979297,
                    "course": 318.859743799475
                },
                "a7": {
                    "coord": [
                        121.65712101830158,
                        38.8083216672641
                    ],
                    "spd": 20.00017105979314,
                    "course": 311.050195600438
                },
                "a8": {
                    "coord": [
                        121.65784113216456,
                        38.80730567312256
                    ],
                    "spd": 20.000171059792972,
                    "course": 307.16458119190395
                }
            },
            "road": [
                {
                    "id": "a1",
                    "path": {
                        "shape": "LineString",
                        "points": [
                            {
                                "coord": [
                                    121.65894230464482,
                                    38.82568980166649
                                ],
                                "spd": 1934125.1091556516
                            }
                        ]
                    }
                },
                {
                    "id": "a2",
                    "path": {
                        "shape": "LineString",
                        "points": [
                            {
                                "coord": [
                                    121.65864933124578,
                                    38.824616447172616
                                ],
                                "spd": 1934124.8773015733
                            }
                        ]
                    }
                },
                {
                    "id": "a3",
                    "path": {
                        "shape": "LineString",
                        "points": [
                            {
                                "coord": [
                                    121.66233794380231,
                                    38.820527075397386
                                ],
                                "spd": 1934143.0682813688
                            }
                        ]
                    }
                },
                {
                    "id": "a4",
                    "path": {
                        "shape": "LineString",
                        "points": [
                            {
                                "coord": [
                                    121.6644825146792,
                                    38.81625067400243
                                ],
                                "spd": 1934143.0556289505
                            }
                        ]
                    }
                },
                {
                    "id": "a5",
                    "path": {
                        "shape": "LineString",
                        "points": [
                            {
                                "coord": [
                                    121.65877879727456,
                                    38.8119499490762
                                ],
                                "spd": 1934143.0355555546
                            }
                        ]
                    }
                },
                {
                    "id": "a6",
                    "path": {
                        "shape": "LineString",
                        "points": [
                            {
                                "coord": [
                                    121.65572797057612,
                                    38.80906137805832
                                ],
                                "spd": 1934162.8270119608
                            }
                        ]
                    }
                },
                {
                    "id": "a7",
                    "path": {
                        "shape": "LineString",
                        "points": [
                            {
                                "coord": [
                                    121.65729703820344,
                                    38.80804441872062
                                ],
                                "spd": 1934162.2001822426
                            }
                        ]
                    }
                },
                {
                    "id": "a8",
                    "path": {
                        "shape": "LineString",
                        "points": [
                            {
                                "coord": [
                                    121.65805504630538,
                                    38.80703492143534
                                ],
                                "spd": 1934161.7552949637
                            }
                        ]
                    }
                }
            ]
        }
    }
}