{
    "id": 1,
    "method": "stage_1",
    "content": {
        "arguments": {
            "vesPostion": {
                "a1": {
                    "coord": [
                        121.65765054318422,
                        38.82438226513363
                    ],
                    "spd": 20.000171059793136,
                    "course": 174.19240992526213
                },
                "a2": {
                    "coord": [
                        121.65743082118192,
                        38.82329217857007
                    ],
                    "spd": 20.000171059793185,
                    "course": 172.62960949663142
                },
                "a3": {
                    "coord": [
                        121.65937586322683,
                        38.82052307108573
                    ],
                    "spd": 20.000171059793153,
                    "course": 238.18120308537675
                },
                "a4": {
                    "coord": [
                        121.66152089031462,
                        38.81624580600685
                    ],
                    "spd": 20.00017105979317,
                    "course": 238.14495683731178
                },
                "a5": {
                    "coord": [
                        121.65581763903646,
                        38.81194348002317
                    ],
                    "spd": 0.0,
                    "course": 90.0
                },
                "a6": {
                    "coord": [
                        121.65524004755655,
                        38.81049349719205
                    ],
                    "spd": 20.00017105979297,
                    "course": 318.859743799475
                },
                "a7": {
                    "coord": [
                        121.65641690395356,
                        38.80943069201691
                    ],
                    "spd": 20.00017105979337,
                    "course": 311.0501956004387
                },
                "a8": {
                    "coord": [
                        121.65698543437075,
                        38.80838870764758
                    ],
                    "spd": 20.000171059792972,
                    "course": 307.16458119190395
                }
            },
            "road": [
                {
                    "id": "a1",
                    "path": {
                        "shape": "LineString",
                        "points": [
                            {
                                "coord": [
                                    121.65790888585907,
                                    38.82464376767366
                                ],
                                "spd": 1934125.1091556519
                            }
                        ]
                    }
                },
                {
                    "id": "a2",
                    "path": {
                        "shape": "LineString",
                        "points": [
                            {
                                "coord": [
                                    121.65767451400662,
                                    38.823557027245684
                                ],
                                "spd": 1934124.8773015735
                            }
                        ]
                    }
                },
                {
                    "id": "a3",
                    "path": {
                        "shape": "LineString",
                        "points": [
                            {
                                "coord": [
                                    121.65996827927427,
                                    38.82052387795589
                                ],
                                "spd": 1934143.0682813686
                            }
                        ]
                    }
                },
                {
                    "id": "a4",
                    "path": {
                        "shape": "LineString",
                        "points": [
                            {
                                "coord": [
                                    121.66211321510531,
                                    38.8162467856117
                                ],
                                "spd": 1934143.055628951
                            }
                        ]
                    }
                },
                {
                    "id": "a5",
                    "path": {
                        "shape": "LineString",
                        "points": [
                            {
                                "coord": [
                                    121.65581763903646,
                                    38.81194348002317
                                ],
                                "spd": 1934143.0953587806
                            }
                        ]
                    }
                },
                {
                    "id": "a6",
                    "path": {
                        "shape": "LineString",
                        "points": [
                            {
                                "coord": [
                                    121.65533763613976,
                                    38.81020706643548
                                ],
                                "spd": 1934162.8270119613
                            }
                        ]
                    }
                },
                {
                    "id": "a7",
                    "path": {
                        "shape": "LineString",
                        "points": [
                            {
                                "coord": [
                                    121.65659293775187,
                                    38.80915343124183
                                ],
                                "spd": 1934162.2001822428
                            }
                        ]
                    }
                },
                {
                    "id": "a8",
                    "path": {
                        "shape": "LineString",
                        "points": [
                            {
                                "coord": [
                                    121.65719936500403,
                                    38.808117944849876
                                ],
                                "spd": 1934161.7552949637
                            }
                        ]
                    }
                }
            ]
        }
    }
}