{
    "id": 1,
    "method": "stage_1",
    "content": {
        "arguments": {
            "vesPostion": {
                "a1": {
                    "coord": [
                        121.66049257709643,
                        38.8272589241542
                    ],
                    "spd": 20.00017105979317,
                    "course": 174.19240992526113
                },
                "a2": {
                    "coord": [
                        121.66161174674798,
                        38.824628870970024
                    ],
                    "spd": 20.000171059793203,
                    "course": 237.8499253919556
                },
                "a3": {
                    "coord": [
                        121.66589244159547,
                        38.82053178144216
                    ],
                    "spd": 20.000171059793153,
                    "course": 238.18120308537675
                },
                "a4": {
                    "coord": [
                        121.66803646525946,
                        38.816256416502114
                    ],
                    "spd": 20.00017105979317,
                    "course": 238.14495683731178
                },
                "a5": {
                    "coord": [
                        121.66233218894841,
                        38.81195761288027
                    ],
                    "spd": 20.000171059793225,
                    "course": 238.08745110563945
                },
                "a6": {
                    "coord": [
                        121.65621584385865,
                        38.80762934554386
                    ],
                    "spd": 0.0,
                    "course": 90.0
                },
                "a7": {
                    "coord": [
                        121.65835308466689,
                        38.80638099167296
                    ],
                    "spd": 20.00017105979314,
                    "course": 311.050195600438
                },
                "a8": {
                    "coord": [
                        121.65933844457464,
                        38.80541046964036
                    ],
                    "spd": 20.000171059792972,
                    "course": 307.16458119190395
                }
            },
            "road": [
                {
                    "id": "a1",
                    "path": {
                        "shape": "LineString",
                        "points": [
                            {
                                "coord": [
                                    121.66075097267179,
                                    38.82752045291034
                                ],
                                "spd": 1934125.1091556519
                            }
                        ]
                    }
                },
                {
                    "id": "a2",
                    "path": {
                        "shape": "LineString",
                        "points": [
                            {
                                "coord": [
                                    121.66220423016232,
                                    38.82463134671615
                                ],
                                "spd": 1934142.9526438501
                            }
                        ]
                    }
                },
                {
                    "id": "a3",
                    "path": {
                        "shape": "LineString",
                        "points": [
                            {
                                "coord": [
                                    121.66648485800948,
                                    38.82053255526925
                                ],
                                "spd": 1934143.0682813686
                            }
                        ]
                    }
                },
                {
                    "id": "a4",
                    "path": {
                        "shape": "LineString",
                        "points": [
                            {
                                "coord": [
                                    121.6686287904968,
                                    38.81625736307531
                                ],
                                "spd": 1934143.0556289505
                            }
                        ]
                    }
                },
                {
                    "id": "a5",
                    "path": {
                        "shape": "LineString",
                        "points": [
                            {
                                "coord": [
                                    121.66292442108193,
                                    38.81195887967462
                                ],
                                "spd": 1934143.035555555
                            }
                        ]
                    }
                },
                {
                    "id": "a6",
                    "path": {
                        "shape": "LineString",
                        "points": [
                            {
                                "coord": [
                                    121.65621584385865,
                                    38.80762934554386
                                ],
                                "spd": 1934143.0953587806
                            }
                        ]
                    }
                },
                {
                    "id": "a7",
                    "path": {
                        "shape": "LineString",
                        "points": [
                            {
                                "coord": [
                                    121.65852908025379,
                                    38.80610376453362
                                ],
                                "spd": 1934162.2001822426
                            }
                        ]
                    }
                },
                {
                    "id": "a8",
                    "path": {
                        "shape": "LineString",
                        "points": [
                            {
                                "coord": [
                                    121.65955232985797,
                                    38.80513973739575
                                ],
                                "spd": 1934161.7552949637
                            }
                        ]
                    }
                }
            ]
        }
    }
}