{
    "id": 1,
    "method": "stage_1",
    "content": {
        "arguments": {
            "vesPostion": {
                "a1": {
                    "coord": [
                        121.6597174192284,
                        38.826474352185535
                    ],
                    "spd": 20.000171059793136,
                    "course": 174.19240992526213
                },
                "a2": {
                    "coord": [
                        121.65983429713225,
                        38.82462142570492
                    ],
                    "spd": 20.000171059793203,
                    "course": 237.8499253919556
                },
                "a3": {
                    "coord": [
                        121.66411519255007,
                        38.820529441937396
                    ],
                    "spd": 20.000171059793153,
                    "course": 238.18120308537675
                },
                "a4": {
                    "coord": [
                        121.66625948978775,
                        38.81625355876524
                    ],
                    "spd": 20.00017105979317,
                    "course": 238.14495683731178
                },
                "a5": {
                    "coord": [
                        121.66055549286918,
                        38.811953794486364
                    ],
                    "spd": 20.000171059793225,
                    "course": 238.08745110563945
                },
                "a6": {
                    "coord": [
                        121.65602070051358,
                        38.80820214815569
                    ],
                    "spd": 20.00017105979297,
                    "course": 318.859743799475
                },
                "a7": {
                    "coord": [
                        121.6578250770662,
                        38.80721269143696
                    ],
                    "spd": 20.00017105979337,
                    "course": 311.0501956004387
                },
                "a8": {
                    "coord": [
                        121.65869676399124,
                        38.80622268303902
                    ],
                    "spd": 20.000171059792972,
                    "course": 307.16458119190395
                }
            },
            "road": [
                {
                    "id": "a1",
                    "path": {
                        "shape": "LineString",
                        "points": [
                            {
                                "coord": [
                                    121.65997580037485,
                                    38.82673587379179
                                ],
                                "spd": 1934125.1091556519
                            }
                        ]
                    }
                },
                {
                    "id": "a2",
                    "path": {
                        "shape": "LineString",
                        "points": [
                            {
                                "coord": [
                                    121.66042678023283,
                                    38.8246239104644
                                ],
                                "spd": 1934142.95264385
                            }
                        ]
                    }
                },
                {
                    "id": "a3",
                    "path": {
                        "shape": "LineString",
                        "points": [
                            {
                                "coord": [
                                    121.66470760886561,
                                    38.82053022477624
                                ],
                                "spd": 1934143.0682813686
                            }
                        ]
                    }
                },
                {
                    "id": "a4",
                    "path": {
                        "shape": "LineString",
                        "points": [
                            {
                                "coord": [
                                    121.66685181490477,
                                    38.81625451434708
                                ],
                                "spd": 1934143.0556289505
                            }
                        ]
                    }
                },
                {
                    "id": "a5",
                    "path": {
                        "shape": "LineString",
                        "points": [
                            {
                                "coord": [
                                    121.66114772484192,
                                    38.81195507028614
                                ],
                                "spd": 1934143.0355555546
                            }
                        ]
                    }
                },
                {
                    "id": "a6",
                    "path": {
                        "shape": "LineString",
                        "points": [
                            {
                                "coord": [
                                    121.65611827318072,
                                    38.80791574511748
                                ],
                                "spd": 1934162.8270119608
                            }
                        ]
                    }
                },
                {
                    "id": "a7",
                    "path": {
                        "shape": "LineString",
                        "points": [
                            {
                                "coord": [
                                    121.65800108307322,
                                    38.806935455124595
                                ],
                                "spd": 1934162.2001822433
                            }
                        ]
                    }
                },
                {
                    "id": "a8",
                    "path": {
                        "shape": "LineString",
                        "points": [
                            {
                                "coord": [
                                    121.65891066164139,
                                    38.80595194246197
                                ],
                                "spd": 1934161.7552949637
                            }
                        ]
                    }
                }
            ]
        }
    }
}