{
    "id": 1,
    "method": "stage_1",
    "content": {
        "arguments": {
            "vesPostion": {
                "a1": {
                    "coord": [
                        121.66441324509147,
                        38.828841295112724
                    ],
                    "spd": 20.00017105979305,
                    "course": 237.68803112280213
                },
                "a2": {
                    "coord": [
                        121.66812907002362,
                        38.82465593893222
                    ],
                    "spd": 20.00017105979311,
                    "course": 237.84992539195602
                },
                "a3": {
                    "coord": [
                        121.67240902392001,
                        38.82054012832447
                    ],
                    "spd": 20.000171059793153,
                    "course": 238.18120308537675
                },
                "a4": {
                    "coord": [
                        121.67455204504098,
                        38.81626666364854
                    ],
                    "spd": 20.000171059793264,
                    "course": 238.14495683731136
                },
                "a5": {
                    "coord": [
                        121.66884674532992,
                        38.811971382518365
                    ],
                    "spd": 20.000171059793225,
                    "course": 238.08745110563945
                },
                "a6": {
                    "coord": [
                        121.66272933388312,
                        38.80764905798643
                    ],
                    "spd": 20.000171059793338,
                    "course": 237.98691610792972
                },
                "a7": {
                    "coord": [
                        121.66028884511502,
                        38.80333166130467
                    ],
                    "spd": 20.00017105979337,
                    "course": 311.0501956004387
                },
                "a8": {
                    "coord": [
                        121.6616909559977,
                        38.80243256770622
                    ],
                    "spd": 20.000171059793328,
                    "course": 307.1645811919044
                }
            },
            "road": [
                {
                    "id": "a1",
                    "path": {
                        "shape": "LineString",
                        "points": [
                            {
                                "coord": [
                                    121.66500580103614,
                                    38.828844578268026
                                ],
                                "spd": 1934142.896133687
                            }
                        ]
                    }
                },
                {
                    "id": "a2",
                    "path": {
                        "shape": "LineString",
                        "points": [
                            {
                                "coord": [
                                    121.66872155457874,
                                    38.824658381629256
                                ],
                                "spd": 1934142.9526438501
                            }
                        ]
                    }
                },
                {
                    "id": "a3",
                    "path": {
                        "shape": "LineString",
                        "points": [
                            {
                                "coord": [
                                    121.67300144068531,
                                    38.82054086910841
                                ],
                                "spd": 1934143.0682813688
                            }
                        ]
                    }
                },
                {
                    "id": "a4",
                    "path": {
                        "shape": "LineString",
                        "points": [
                            {
                                "coord": [
                                    121.67514437070967,
                                    38.81626757718996
                                ],
                                "spd": 1934143.055628951
                            }
                        ]
                    }
                },
                {
                    "id": "a5",
                    "path": {
                        "shape": "LineString",
                        "points": [
                            {
                                "coord": [
                                    121.66943897804322,
                                    38.81197261629275
                                ],
                                "spd": 1934143.0355555546
                            }
                        ]
                    }
                },
                {
                    "id": "a6",
                    "path": {
                        "shape": "LineString",
                        "points": [
                            {
                                "coord": [
                                    121.66332146979148,
                                    38.807650832022674
                                ],
                                "spd": 1934143.0004621863
                            }
                        ]
                    }
                },
                {
                    "id": "a7",
                    "path": {
                        "shape": "LineString",
                        "points": [
                            {
                                "coord": [
                                    121.66028884511502,
                                    38.80333166130467
                                ],
                                "spd": 1934143.0953587806
                            }
                        ]
                    }
                },
                {
                    "id": "a8",
                    "path": {
                        "shape": "LineString",
                        "points": [
                            {
                                "coord": [
                                    121.66190479594479,
                                    38.80216186601252
                                ],
                                "spd": 1934161.7552949637
                            }
                        ]
                    }
                }
            ]
        }
    }
}