{
    "id": 1,
    "method": "stage_1",
    "content": {
        "arguments": {
            "vesPostion": {
                "a1": {
                    "coord": [
                        121.6626355780891,
                        38.828831427616365
                    ],
                    "spd": 20.00017105979305,
                    "course": 237.68803112280213
                },
                "a2": {
                    "coord": [
                        121.6663516169772,
                        38.82464859281426
                    ],
                    "spd": 20.00017105979311,
                    "course": 237.84992539195602
                },
                "a3": {
                    "coord": [
                        121.67063177381246,
                        38.82053788794908
                    ],
                    "spd": 20.000171059793153,
                    "course": 238.18120308537675
                },
                "a4": {
                    "coord": [
                        121.67277506826686,
                        38.81626390500689
                    ],
                    "spd": 20.00017105979336,
                    "course": 238.14495683731093
                },
                "a5": {
                    "coord": [
                        121.66707004750296,
                        38.81196766318431
                    ],
                    "spd": 20.000171059793225,
                    "course": 238.08745110563945
                },
                "a6": {
                    "coord": [
                        121.66095292660765,
                        38.80764371787368
                    ],
                    "spd": 20.000171059793338,
                    "course": 237.98691610792972
                },
                "a7": {
                    "coord": [
                        121.65976095211897,
                        38.804163260170064
                    ],
                    "spd": 20.00017105979314,
                    "course": 311.050195600438
                },
                "a8": {
                    "coord": [
                        121.66104941143048,
                        38.80324468945099
                    ],
                    "spd": 20.00017105979311,
                    "course": 307.1645811919036
                }
            },
            "road": [
                {
                    "id": "a1",
                    "path": {
                        "shape": "LineString",
                        "points": [
                            {
                                "coord": [
                                    121.66322813361784,
                                    38.8288347197869
                                ],
                                "spd": 1934142.896133687
                            }
                        ]
                    }
                },
                {
                    "id": "a2",
                    "path": {
                        "shape": "LineString",
                        "points": [
                            {
                                "coord": [
                                    121.66694410122273,
                                    38.82465104452472
                                ],
                                "spd": 1934142.9526438501
                            }
                        ]
                    }
                },
                {
                    "id": "a3",
                    "path": {
                        "shape": "LineString",
                        "points": [
                            {
                                "coord": [
                                    121.67122419048347,
                                    38.820538637744804
                                ],
                                "spd": 1934143.0682813686
                            }
                        ]
                    }
                },
                {
                    "id": "a4",
                    "path": {
                        "shape": "LineString",
                        "points": [
                            {
                                "coord": [
                                    121.67336739381946,
                                    38.81626482755699
                                ],
                                "spd": 1934143.055628951
                            }
                        ]
                    }
                },
                {
                    "id": "a5",
                    "path": {
                        "shape": "LineString",
                        "points": [
                            {
                                "coord": [
                                    121.66766228005966,
                                    38.81196890596414
                                ],
                                "spd": 1934143.035555555
                            }
                        ]
                    }
                },
                {
                    "id": "a6",
                    "path": {
                        "shape": "LineString",
                        "points": [
                            {
                                "coord": [
                                    121.66154506229108,
                                    38.80764550091193
                                ],
                                "spd": 1934143.000462186
                            }
                        ]
                    }
                },
                {
                    "id": "a7",
                    "path": {
                        "shape": "LineString",
                        "points": [
                            {
                                "coord": [
                                    121.65993691992333,
                                    38.80388605749089
                                ],
                                "spd": 1934162.2001822426
                            }
                        ]
                    }
                },
                {
                    "id": "a8",
                    "path": {
                        "shape": "LineString",
                        "points": [
                            {
                                "coord": [
                                    121.66126326374065,
                                    38.802973979425445
                                ],
                                "spd": 1934161.7552949637
                            }
                        ]
                    }
                }
            ]
        }
    }
}