{
    "id": 1,
    "method": "stage_1",
    "content": {
        "arguments": {
            "vesPostion": {
                "a1": {
                    "coord": [
                        121.66322813361784,
                        38.8288347197869
                    ],
                    "spd": 20.00017105979305,
                    "course": 237.68803112280213
                },
                "a2": {
                    "coord": [
                        121.66694410122273,
                        38.82465104452472
                    ],
                    "spd": 20.000171059793203,
                    "course": 237.8499253919556
                },
                "a3": {
                    "coord": [
                        121.67122419048347,
                        38.820538637744804
                    ],
                    "spd": 20.000171059793153,
                    "course": 238.18120308537675
                },
                "a4": {
                    "coord": [
                        121.67336739381946,
                        38.81626482755699
                    ],
                    "spd": 20.00017105979336,
                    "course": 238.14495683731093
                },
                "a5": {
                    "coord": [
                        121.66766228005966,
                        38.81196890596414
                    ],
                    "spd": 20.000171059793225,
                    "course": 238.08745110563945
                },
                "a6": {
                    "coord": [
                        121.66154506229108,
                        38.80764550091193
                    ],
                    "spd": 20.000171059793338,
                    "course": 237.98691610792972
                },
                "a7": {
                    "coord": [
                        121.65993691992333,
                        38.80388605749089
                    ],
                    "spd": 20.00017105979337,
                    "course": 311.0501956004387
                },
                "a8": {
                    "coord": [
                        121.66126326374065,
                        38.802973979425445
                    ],
                    "spd": 20.000171059793328,
                    "course": 307.1645811919044
                }
            },
            "road": [
                {
                    "id": "a1",
                    "path": {
                        "shape": "LineString",
                        "points": [
                            {
                                "coord": [
                                    121.66382068928532,
                                    38.82883800895235
                                ],
                                "spd": 1934142.896133687
                            }
                        ]
                    }
                },
                {
                    "id": "a2",
                    "path": {
                        "shape": "LineString",
                        "points": [
                            {
                                "coord": [
                                    121.66753658557158,
                                    38.824653493230706
                                ],
                                "spd": 1934142.9526438501
                            }
                        ]
                    }
                },
                {
                    "id": "a3",
                    "path": {
                        "shape": "LineString",
                        "points": [
                            {
                                "coord": [
                                    121.67181660718603,
                                    38.820539384536595
                                ],
                                "spd": 1934143.0682813688
                            }
                        ]
                    }
                },
                {
                    "id": "a4",
                    "path": {
                        "shape": "LineString",
                        "points": [
                            {
                                "coord": [
                                    121.67395971941086,
                                    38.81626574710422
                                ],
                                "spd": 1934143.0556289502
                            }
                        ]
                    }
                },
                {
                    "id": "a5",
                    "path": {
                        "shape": "LineString",
                        "points": [
                            {
                                "coord": [
                                    121.66825451266868,
                                    38.81197014574217
                                ],
                                "spd": 1934143.0355555546
                            }
                        ]
                    }
                },
                {
                    "id": "a6",
                    "path": {
                        "shape": "LineString",
                        "points": [
                            {
                                "coord": [
                                    121.66213719804962,
                                    38.80764728094951
                                ],
                                "spd": 1934143.0004621863
                            }
                        ]
                    }
                },
                {
                    "id": "a7",
                    "path": {
                        "shape": "LineString",
                        "points": [
                            {
                                "coord": [
                                    121.6601128842553,
                                    38.8036088578691
                                ],
                                "spd": 1934162.2001822428
                            }
                        ]
                    }
                },
                {
                    "id": "a8",
                    "path": {
                        "shape": "LineString",
                        "points": [
                            {
                                "coord": [
                                    121.66147711192967,
                                    38.80270327217719
                                ],
                                "spd": 1934161.7552949637
                            }
                        ]
                    }
                }
            ]
        }
    }
}