{
    "id": 1,
    "method": "stage_1",
    "content": {
        "arguments": {
            "vesPostion": {
                "a1": {
                    "coord": [
                        121.66737602619759,
                        38.8288576808383
                    ],
                    "spd": 20.00017105979305,
                    "course": 237.68803112280213
                },
                "a2": {
                    "coord": [
                        121.67109149382745,
                        38.824668122372664
                    ],
                    "spd": 20.00017105979311,
                    "course": 237.84992539195602
                },
                "a3": {
                    "coord": [
                        121.67537110805694,
                        38.82054380220494
                    ],
                    "spd": 20.000171059793153,
                    "course": 238.18120308537675
                },
                "a4": {
                    "coord": [
                        121.67751367376772,
                        38.816271201326806
                    ],
                    "spd": 20.00017105979311,
                    "course": 238.14495683731107
                },
                "a5": {
                    "coord": [
                        121.67180790941464,
                        38.81197752137205
                    ],
                    "spd": 20.000171059793225,
                    "course": 238.08745110563945
                },
                "a6": {
                    "coord": [
                        121.66569001417076,
                        38.80765789816094
                    ],
                    "spd": 20.000171059793338,
                    "course": 237.98691610792972
                },
                "a7": {
                    "coord": [
                        121.66265699300526,
                        38.803340983846866
                    ],
                    "spd": 20.00017105979316,
                    "course": 237.87855078469656
                },
                "a8": {
                    "coord": [
                        121.66276011452632,
                        38.80107908700997
                    ],
                    "spd": 20.000171059793328,
                    "course": 307.1645811919044
                }
            },
            "road": [
                {
                    "id": "a1",
                    "path": {
                        "shape": "LineString",
                        "points": [
                            {
                                "coord": [
                                    121.667968582833,
                                    38.82886094896814
                                ],
                                "spd": 1934142.896133687
                            }
                        ]
                    }
                },
                {
                    "id": "a2",
                    "path": {
                        "shape": "LineString",
                        "points": [
                            {
                                "coord": [
                                    121.67168397889603,
                                    38.82467055004733
                                ],
                                "spd": 1934142.9526438501
                            }
                        ]
                    }
                },
                {
                    "id": "a3",
                    "path": {
                        "shape": "LineString",
                        "points": [
                            {
                                "coord": [
                                    121.67596352497684,
                                    38.820544527969254
                                ],
                                "spd": 1934143.0682813686
                            }
                        ]
                    }
                },
                {
                    "id": "a4",
                    "path": {
                        "shape": "LineString",
                        "points": [
                            {
                                "coord": [
                                    121.67810599962742,
                                    38.81627209985378
                                ],
                                "spd": 1934143.0556289502
                            }
                        ]
                    }
                },
                {
                    "id": "a5",
                    "path": {
                        "shape": "LineString",
                        "points": [
                            {
                                "coord": [
                                    121.67240014238642,
                                    38.81197874013733
                                ],
                                "spd": 1934143.0355555546
                            }
                        ]
                    }
                },
                {
                    "id": "a6",
                    "path": {
                        "shape": "LineString",
                        "points": [
                            {
                                "coord": [
                                    121.66628215045142,
                                    38.80765965719382
                                ],
                                "spd": 1934143.0004621863
                            }
                        ]
                    }
                },
                {
                    "id": "a7",
                    "path": {
                        "shape": "LineString",
                        "points": [
                            {
                                "coord": [
                                    121.66324903022307,
                                    38.80334330698374
                                ],
                                "spd": 1934142.962635846
                            }
                        ]
                    }
                },
                {
                    "id": "a8",
                    "path": {
                        "shape": "LineString",
                        "points": [
                            {
                                "coord": [
                                    121.66297393387056,
                                    38.80080839920231
                                ],
                                "spd": 1934161.7552949637
                            }
                        ]
                    }
                }
            ]
        }
    }
}