{
    "id": 1,
    "method": "stage_1",
    "content": {
        "arguments": {
            "vesPostion": {
                "a1": {
                    "coord": [
                        121.67152392553422,
                        38.82888049464005
                    ],
                    "spd": 20.00017105979305,
                    "course": 237.68803112280213
                },
                "a2": {
                    "coord": [
                        121.67523889145171,
                        38.8246850530011
                    ],
                    "spd": 20.000171059793203,
                    "course": 237.8499253919556
                },
                "a3": {
                    "coord": [
                        121.6795180271331,
                        38.82054881947265
                    ],
                    "spd": 20.000171059793153,
                    "course": 238.18120308537675
                },
                "a4": {
                    "coord": [
                        121.6816599555754,
                        38.81627742795482
                    ],
                    "spd": 20.00017105979311,
                    "course": 238.14495683731107
                },
                "a5": {
                    "coord": [
                        121.67595354129027,
                        38.81198598969058
                    ],
                    "spd": 20.000171059793225,
                    "course": 238.08745110563945
                },
                "a6": {
                    "coord": [
                        121.66983496968666,
                        38.80767014837685
                    ],
                    "spd": 20.00017105979319,
                    "course": 237.9869161079295
                },
                "a7": {
                    "coord": [
                        121.66680125558032,
                        38.80335718281596
                    ],
                    "spd": 20.00017105979316,
                    "course": 237.87855078469656
                },
                "a8": {
                    "coord": [
                        121.66425676341508,
                        38.799184330675914
                    ],
                    "spd": 20.00017105979311,
                    "course": 307.1645811919036
                }
            },
            "road": [
                {
                    "id": "a1",
                    "path": {
                        "shape": "LineString",
                        "points": [
                            {
                                "coord": [
                                    121.67211648313136,
                                    38.82888374173416
                                ],
                                "spd": 1934142.896133687
                            }
                        ]
                    }
                },
                {
                    "id": "a2",
                    "path": {
                        "shape": "LineString",
                        "points": [
                            {
                                "coord": [
                                    121.67583137723385,
                                    38.82468745964434
                                ],
                                "spd": 1934142.95264385
                            }
                        ]
                    }
                },
                {
                    "id": "a3",
                    "path": {
                        "shape": "LineString",
                        "points": [
                            {
                                "coord": [
                                    121.68011044426412,
                                    38.82054952420947
                                ],
                                "spd": 1934143.0682813686
                            }
                        ]
                    }
                },
                {
                    "id": "a4",
                    "path": {
                        "shape": "LineString",
                        "points": [
                            {
                                "coord": [
                                    121.68225228169719,
                                    38.81627830546152
                                ],
                                "spd": 1934143.0556289505
                            }
                        ]
                    }
                },
                {
                    "id": "a5",
                    "path": {
                        "shape": "LineString",
                        "points": [
                            {
                                "coord": [
                                    121.67654577461862,
                                    38.81198718744306
                                ],
                                "spd": 1934143.0355555546
                            }
                        ]
                    }
                },
                {
                    "id": "a6",
                    "path": {
                        "shape": "LineString",
                        "points": [
                            {
                                "coord": [
                                    121.67042710648326,
                                    38.807671886404975
                                ],
                                "spd": 1934143.000462186
                            }
                        ]
                    }
                },
                {
                    "id": "a7",
                    "path": {
                        "shape": "LineString",
                        "points": [
                            {
                                "coord": [
                                    121.6673932934804,
                                    38.80335948495648
                                ],
                                "spd": 1934142.9626358459
                            }
                        ]
                    }
                },
                {
                    "id": "a8",
                    "path": {
                        "shape": "LineString",
                        "points": [
                            {
                                "coord": [
                                    121.66425676341508,
                                    38.799184330675914
                                ],
                                "spd": 1934143.0953587806
                            }
                        ]
                    }
                }
            ]
        }
    }
}