{
    "id": 1,
    "method": "stage_1",
    "content": {
        "arguments": {
            "vesPostion": {
                "a1": {
                    "coord": [
                        121.67093136807408,
                        38.82887724454083
                    ],
                    "spd": 20.00017105979305,
                    "course": 237.68803112280213
                },
                "a2": {
                    "coord": [
                        121.67464640577116,
                        38.82468264335335
                    ],
                    "spd": 20.00017105979311,
                    "course": 237.84992539195602
                },
                "a3": {
                    "coord": [
                        121.67892561003188,
                        38.82054811173191
                    ],
                    "spd": 20.000171059793153,
                    "course": 238.18120308537675
                },
                "a4": {
                    "coord": [
                        121.68106762949068,
                        38.81627654744523
                    ],
                    "spd": 20.00017105979311,
                    "course": 238.14495683731107
                },
                "a5": {
                    "coord": [
                        121.67536130801251,
                        38.81198478893627
                    ],
                    "spd": 20.000171059793225,
                    "course": 238.08745110563945
                },
                "a6": {
                    "coord": [
                        121.66924283296342,
                        38.80766840734806
                    ],
                    "spd": 20.00017105979319,
                    "course": 237.9869161079295
                },
                "a7": {
                    "coord": [
                        121.66620921777732,
                        38.803354877675964
                    ],
                    "spd": 20.00017105979316,
                    "course": 237.87855078469656
                },
                "a8": {
                    "coord": [
                        121.66404296879054,
                        38.79945500182092
                    ],
                    "spd": 20.000171059793328,
                    "course": 307.1645811919044
                }
            },
            "road": [
                {
                    "id": "a1",
                    "path": {
                        "shape": "LineString",
                        "points": [
                            {
                                "coord": [
                                    121.67152392553422,
                                    38.82888049464005
                                ],
                                "spd": 1934142.896133687
                            }
                        ]
                    }
                },
                {
                    "id": "a2",
                    "path": {
                        "shape": "LineString",
                        "points": [
                            {
                                "coord": [
                                    121.67523889145171,
                                    38.8246850530011
                                ],
                                "spd": 1934142.9526438501
                            }
                        ]
                    }
                },
                {
                    "id": "a3",
                    "path": {
                        "shape": "LineString",
                        "points": [
                            {
                                "coord": [
                                    121.6795180271331,
                                    38.82054881947265
                                ],
                                "spd": 1934143.0682813688
                            }
                        ]
                    }
                },
                {
                    "id": "a4",
                    "path": {
                        "shape": "LineString",
                        "points": [
                            {
                                "coord": [
                                    121.6816599555754,
                                    38.81627742795482
                                ],
                                "spd": 1934143.055628951
                            }
                        ]
                    }
                },
                {
                    "id": "a5",
                    "path": {
                        "shape": "LineString",
                        "points": [
                            {
                                "coord": [
                                    121.67595354129027,
                                    38.81198598969058
                                ],
                                "spd": 1934143.0355555546
                            }
                        ]
                    }
                },
                {
                    "id": "a6",
                    "path": {
                        "shape": "LineString",
                        "points": [
                            {
                                "coord": [
                                    121.66983496968666,
                                    38.80767014837685
                                ],
                                "spd": 1934143.0004621863
                            }
                        ]
                    }
                },
                {
                    "id": "a7",
                    "path": {
                        "shape": "LineString",
                        "points": [
                            {
                                "coord": [
                                    121.66680125558032,
                                    38.80335718281596
                                ],
                                "spd": 1934142.962635846
                            }
                        ]
                    }
                },
                {
                    "id": "a8",
                    "path": {
                        "shape": "LineString",
                        "points": [
                            {
                                "coord": [
                                    121.66425676341508,
                                    38.799184330675914
                                ],
                                "spd": 1934161.7552949637
                            }
                        ]
                    }
                }
            ]
        }
    }
}