{
    "id": 1,
    "method": "stage_1",
    "content": {
        "arguments": {
            "vesPostion": {
                "a1": {
                    "coord": [
                        121.67981974430415,
                        38.828925680491416
                    ],
                    "spd": 20.000171059793097,
                    "course": 237.68803112280193
                },
                "a2": {
                    "coord": [
                        121.68353370158516,
                        38.82471847259701
                    ],
                    "spd": 20.000171059793203,
                    "course": 237.8499253919556
                },
                "a3": {
                    "coord": [
                        121.68781186961967,
                        38.82055841243011
                    ],
                    "spd": 20.000171059793153,
                    "course": 238.18120308537675
                },
                "a4": {
                    "coord": [
                        121.68995252459527,
                        38.81628943978464
                    ],
                    "spd": 20.00017105979311,
                    "course": 238.14495683731107
                },
                "a5": {
                    "coord": [
                        121.68424481243002,
                        38.812002485058315
                    ],
                    "spd": 20.000171059793225,
                    "course": 238.08745110563945
                },
                "a6": {
                    "coord": [
                        121.67812489145365,
                        38.80769420770773
                    ],
                    "spd": 20.00017105979319,
                    "course": 237.9869161079295
                },
                "a7": {
                    "coord": [
                        121.67508979495909,
                        38.80338913982944
                    ],
                    "spd": 20.00017105979316,
                    "course": 237.87855078469656
                },
                "a8": {
                    "coord": [
                        121.6719522991705,
                        38.79919892039083
                    ],
                    "spd": 20.00017105979315,
                    "course": 238.11036228404566
                }
            },
            "road": [
                {
                    "id": "a1",
                    "path": {
                        "shape": "LineString",
                        "points": [
                            {
                                "coord": [
                                    121.6804123038061,
                                    38.82892888551373
                                ],
                                "spd": 1934142.896133687
                            }
                        ]
                    }
                },
                {
                    "id": "a2",
                    "path": {
                        "shape": "LineString",
                        "points": [
                            {
                                "coord": [
                                    121.68412618877574,
                                    38.82472083717719
                                ],
                                "spd": 1934142.9526438501
                            }
                        ]
                    }
                },
                {
                    "id": "a3",
                    "path": {
                        "shape": "LineString",
                        "points": [
                            {
                                "coord": [
                                    121.68840428715428,
                                    38.820559075111845
                                ],
                                "spd": 1934143.0682813686
                            }
                        ]
                    }
                },
                {
                    "id": "a4",
                    "path": {
                        "shape": "LineString",
                        "points": [
                            {
                                "coord": [
                                    121.69054485122264,
                                    38.81629027525071
                                ],
                                "spd": 1934143.0556289505
                            }
                        ]
                    }
                },
                {
                    "id": "a5",
                    "path": {
                        "shape": "LineString",
                        "points": [
                            {
                                "coord": [
                                    121.68483704645287,
                                    38.812003640785086
                                ],
                                "spd": 1934143.0355555546
                            }
                        ]
                    }
                },
                {
                    "id": "a6",
                    "path": {
                        "shape": "LineString",
                        "points": [
                            {
                                "coord": [
                                    121.6787170292635,
                                    38.80769590372616
                                ],
                                "spd": 1934143.0004621863
                            }
                        ]
                    }
                },
                {
                    "id": "a7",
                    "path": {
                        "shape": "LineString",
                        "points": [
                            {
                                "coord": [
                                    121.67568183420512,
                                    38.803391399977
                                ],
                                "spd": 1934142.962635846
                            }
                        ]
                    }
                },
                {
                    "id": "a8",
                    "path": {
                        "shape": "LineString",
                        "points": [
                            {
                                "coord": [
                                    121.67254426378823,
                                    38.799200021684854
                                ],
                                "spd": 1934143.043553102
                            }
                        ]
                    }
                }
            ]
        }
    }
}