{
    "id": 1,
    "method": "stage_1",
    "content": {
        "arguments": {
            "vesPostion": {
                "a1": {
                    "coord": [
                        121.69522633493499,
                        38.829008034393354
                    ],
                    "spd": 20.0001710597932,
                    "course": 237.6880311228024
                },
                "a2": {
                    "coord": [
                        121.69893840059771,
                        38.82477897520911
                    ],
                    "spd": 20.000171059793157,
                    "course": 237.8499253919558
                },
                "a3": {
                    "coord": [
                        121.70321473425186,
                        38.82057466587414
                    ],
                    "spd": 20.00017105979306,
                    "course": 238.18120308537718
                },
                "a4": {
                    "coord": [
                        121.70535302800448,
                        38.816310185955984
                    ],
                    "spd": 20.00017105979319,
                    "course": 238.14495683731118
                },
                "a5": {
                    "coord": [
                        121.69964291250889,
                        38.812031558353304
                    ],
                    "spd": 20.00017105979315,
                    "course": 238.0874511056393
                },
                "a6": {
                    "coord": [
                        121.6935204973939,
                        38.80773732895527
                    ],
                    "spd": 20.000171059793338,
                    "course": 237.98691610792972
                },
                "a7": {
                    "coord": [
                        121.69048284596542,
                        38.803446928821984
                    ],
                    "spd": 20.00017105979316,
                    "course": 237.87855078469656
                },
                "a8": {
                    "coord": [
                        121.68734339396589,
                        38.79922657941564
                    ],
                    "spd": 20.000171059793225,
                    "course": 238.11036228404578
                }
            },
            "road": [
                {
                    "id": "a1",
                    "path": {
                        "shape": "LineString",
                        "points": [
                            {
                                "coord": [
                                    121.69581889790857,
                                    38.82901116128116
                                ],
                                "spd": 1934142.896133687
                            }
                        ]
                    }
                },
                {
                    "id": "a2",
                    "path": {
                        "shape": "LineString",
                        "points": [
                            {
                                "coord": [
                                    121.69953089033808,
                                    38.8247812616713
                                ],
                                "spd": 1934142.9526438501
                            }
                        ]
                    }
                },
                {
                    "id": "a3",
                    "path": {
                        "shape": "LineString",
                        "points": [
                            {
                                "coord": [
                                    121.70380715247022,
                                    38.82057525045334
                                ],
                                "spd": 1934143.0682813686
                            }
                        ]
                    }
                },
                {
                    "id": "a4",
                    "path": {
                        "shape": "LineString",
                        "points": [
                            {
                                "coord": [
                                    121.70594535550488,
                                    38.816310943346274
                                ],
                                "spd": 1934143.055628951
                            }
                        ]
                    }
                },
                {
                    "id": "a5",
                    "path": {
                        "shape": "LineString",
                        "points": [
                            {
                                "coord": [
                                    121.70023514775572,
                                    38.812032636031894
                                ],
                                "spd": 1934143.0355555546
                            }
                        ]
                    }
                },
                {
                    "id": "a6",
                    "path": {
                        "shape": "LineString",
                        "points": [
                            {
                                "coord": [
                                    121.69411263701973,
                                    38.807738946955055
                                ],
                                "spd": 1934143.0004621863
                            }
                        ]
                    }
                },
                {
                    "id": "a7",
                    "path": {
                        "shape": "LineString",
                        "points": [
                            {
                                "coord": [
                                    121.69107488764541,
                                    38.80344911098182
                                ],
                                "spd": 1934142.962635846
                            }
                        ]
                    }
                },
                {
                    "id": "a8",
                    "path": {
                        "shape": "LineString",
                        "points": [
                            {
                                "coord": [
                                    121.68793535974757,
                                    38.79922760273999
                                ],
                                "spd": 1934143.043553102
                            }
                        ]
                    }
                }
            ]
        }
    }
}