{
    "id": 1,
    "method": "stage_1",
    "content": {
        "arguments": {
            "vesPostion": {
                "a1": {
                    "coord": [
                        121.69581889790857,
                        38.82901116128116
                    ],
                    "spd": 20.0001710597932,
                    "course": 237.6880311228024
                },
                "a2": {
                    "coord": [
                        121.69953089033808,
                        38.8247812616713
                    ],
                    "spd": 20.000171059793157,
                    "course": 237.8499253919558
                },
                "a3": {
                    "coord": [
                        121.70380715247022,
                        38.82057525045334
                    ],
                    "spd": 20.000171059793153,
                    "course": 238.18120308537675
                },
                "a4": {
                    "coord": [
                        121.70594535550488,
                        38.816310943346274
                    ],
                    "spd": 20.00017105979319,
                    "course": 238.14495683731118
                },
                "a5": {
                    "coord": [
                        121.70023514775572,
                        38.812032636031894
                    ],
                    "spd": 20.00017105979315,
                    "course": 238.0874511056393
                },
                "a6": {
                    "coord": [
                        121.69411263701973,
                        38.807738946955055
                    ],
                    "spd": 20.000171059793075,
                    "course": 237.98691610793048
                },
                "a7": {
                    "coord": [
                        121.69107488764541,
                        38.80344911098182
                    ],
                    "spd": 20.00017105979316,
                    "course": 237.87855078469656
                },
                "a8": {
                    "coord": [
                        121.68793535974757,
                        38.79922760273999
                    ],
                    "spd": 20.000171059793225,
                    "course": 238.11036228404578
                }
            },
            "road": [
                {
                    "id": "a1",
                    "path": {
                        "shape": "LineString",
                        "points": [
                            {
                                "coord": [
                                    121.69641146101391,
                                    38.829014285163744
                                ],
                                "spd": 1934142.896133687
                            }
                        ]
                    }
                },
                {
                    "id": "a2",
                    "path": {
                        "shape": "LineString",
                        "points": [
                            {
                                "coord": [
                                    121.70012338017482,
                                    38.82478354512891
                                ],
                                "spd": 1934142.9526438501
                            }
                        ]
                    }
                },
                {
                    "id": "a3",
                    "path": {
                        "shape": "LineString",
                        "points": [
                            {
                                "coord": [
                                    121.70439957071316,
                                    38.82057583202859
                                ],
                                "spd": 1934143.0682813688
                            }
                        ]
                    }
                },
                {
                    "id": "a4",
                    "path": {
                        "shape": "LineString",
                        "points": [
                            {
                                "coord": [
                                    121.70653768303715,
                                    38.816311697733646
                                ],
                                "spd": 1934143.0556289505
                            }
                        ]
                    }
                },
                {
                    "id": "a5",
                    "path": {
                        "shape": "LineString",
                        "points": [
                            {
                                "coord": [
                                    121.70082738304791,
                                    38.812033710708626
                                ],
                                "spd": 1934143.035555555
                            }
                        ]
                    }
                },
                {
                    "id": "a6",
                    "path": {
                        "shape": "LineString",
                        "points": [
                            {
                                "coord": [
                                    121.69470477671368,
                                    38.80774056195409
                                ],
                                "spd": 1934143.0004621863
                            }
                        ]
                    }
                },
                {
                    "id": "a7",
                    "path": {
                        "shape": "LineString",
                        "points": [
                            {
                                "coord": [
                                    121.6916669294173,
                                    38.803451290142114
                                ],
                                "spd": 1934142.9626358459
                            }
                        ]
                    }
                },
                {
                    "id": "a8",
                    "path": {
                        "shape": "LineString",
                        "points": [
                            {
                                "coord": [
                                    121.68852732557232,
                                    38.799228623065495
                                ],
                                "spd": 1934143.043553102
                            }
                        ]
                    }
                }
            ]
        }
    }
}