{
    "id": 1,
    "method": "stage_1",
    "content": {
        "arguments": {
            "vesPostion": {
                "a1": {
                    "coord": [
                        121.69344864680652,
                        38.82899863569878
                    ],
                    "spd": 20.0001710597932,
                    "course": 237.6880311228024
                },
                "a2": {
                    "coord": [
                        121.69716093195603,
                        38.824772097795226
                    ],
                    "spd": 20.000171059793157,
                    "course": 237.8499253919558
                },
                "a3": {
                    "coord": [
                        121.70143747974561,
                        38.82057289411285
                    ],
                    "spd": 20.00017105979306,
                    "course": 238.18120308537718
                },
                "a4": {
                    "coord": [
                        121.7035760456958,
                        38.816307895767586
                    ],
                    "spd": 20.000171059793264,
                    "course": 238.14495683731136
                },
                "a5": {
                    "coord": [
                        121.69786620704187,
                        38.812028307306335
                    ],
                    "spd": 20.000171059793225,
                    "course": 238.08745110563945
                },
                "a6": {
                    "coord": [
                        121.69174407892658,
                        38.80773245695156
                    ],
                    "spd": 20.000171059793338,
                    "course": 237.98691610792972
                },
                "a7": {
                    "coord": [
                        121.68870672147818,
                        38.80344036434518
                    ],
                    "spd": 20.00017105979316,
                    "course": 237.87855078469656
                },
                "a8": {
                    "coord": [
                        121.68556749688041,
                        38.799223491449524
                    ],
                    "spd": 20.000171059793225,
                    "course": 238.11036228404578
                }
            },
            "road": [
                {
                    "id": "a1",
                    "path": {
                        "shape": "LineString",
                        "points": [
                            {
                                "coord": [
                                    121.69404120938387,
                                    38.829001771602165
                                ],
                                "spd": 1934142.896133687
                            }
                        ]
                    }
                },
                {
                    "id": "a2",
                    "path": {
                        "shape": "LineString",
                        "points": [
                            {
                                "coord": [
                                    121.69775342140656,
                                    38.82477439327107
                                ],
                                "spd": 1934142.9526438501
                            }
                        ]
                    }
                },
                {
                    "id": "a3",
                    "path": {
                        "shape": "LineString",
                        "points": [
                            {
                                "coord": [
                                    121.70202989788943,
                                    38.82057348770389
                                ],
                                "spd": 1934143.0682813686
                            }
                        ]
                    }
                },
                {
                    "id": "a4",
                    "path": {
                        "shape": "LineString",
                        "points": [
                            {
                                "coord": [
                                    121.7041683730998,
                                    38.816308662166634
                                ],
                                "spd": 1934143.055628951
                            }
                        ]
                    }
                },
                {
                    "id": "a5",
                    "path": {
                        "shape": "LineString",
                        "points": [
                            {
                                "coord": [
                                    121.69845844215183,
                                    38.81202939399052
                                ],
                                "spd": 1934143.035555555
                            }
                        ]
                    }
                },
                {
                    "id": "a6",
                    "path": {
                        "shape": "LineString",
                        "points": [
                            {
                                "coord": [
                                    121.69233621834721,
                                    38.80773408395353
                                ],
                                "spd": 1934143.000462186
                            }
                        ]
                    }
                },
                {
                    "id": "a7",
                    "path": {
                        "shape": "LineString",
                        "points": [
                            {
                                "coord": [
                                    121.6892987628817,
                                    38.803442555503665
                                ],
                                "spd": 1934142.9626358459
                            }
                        ]
                    }
                },
                {
                    "id": "a8",
                    "path": {
                        "shape": "LineString",
                        "points": [
                            {
                                "coord": [
                                    121.68615946253217,
                                    38.799224523770405
                                ],
                                "spd": 1934143.0435531016
                            }
                        ]
                    }
                }
            ]
        }
    }
}