{
    "id": 1,
    "method": "stage_1",
    "content": {
        "arguments": {
            "vesPostion": {
                "a1": {
                    "coord": [
                        121.69700402425096,
                        38.82901740604113
                    ],
                    "spd": 20.0001710597932,
                    "course": 237.6880311228024
                },
                "a2": {
                    "coord": [
                        121.7007158701078,
                        38.82478582558197
                    ],
                    "spd": 20.000171059793157,
                    "course": 237.8499253919558
                },
                "a3": {
                    "coord": [
                        121.70499198898055,
                        38.82057641059989
                    ],
                    "spd": 20.000171059793107,
                    "course": 238.18120308537698
                },
                "a4": {
                    "coord": [
                        121.70713001060116,
                        38.8163124491181
                    ],
                    "spd": 20.00017105979319,
                    "course": 238.14495683731118
                },
                "a5": {
                    "coord": [
                        121.70141961838537,
                        38.8120347823835
                    ],
                    "spd": 20.00017105979315,
                    "course": 238.0874511056393
                },
                "a6": {
                    "coord": [
                        121.69529691647563,
                        38.8077421739524
                    ],
                    "spd": 20.000171059793264,
                    "course": 237.9869161079296
                },
                "a7": {
                    "coord": [
                        121.69225897128095,
                        38.80345346630286
                    ],
                    "spd": 20.00017105979316,
                    "course": 237.87855078469656
                },
                "a8": {
                    "coord": [
                        121.68911929144002,
                        38.79922964039216
                    ],
                    "spd": 20.000171059793225,
                    "course": 238.11036228404578
                }
            },
            "road": [
                {
                    "id": "a1",
                    "path": {
                        "shape": "LineString",
                        "points": [
                            {
                                "coord": [
                                    121.69759658761956,
                                    38.82902052391331
                                ],
                                "spd": 1934142.896133687
                            }
                        ]
                    }
                },
                {
                    "id": "a2",
                    "path": {
                        "shape": "LineString",
                        "points": [
                            {
                                "coord": [
                                    121.70130836013685,
                                    38.824788103030464
                                ],
                                "spd": 1934142.9526438501
                            }
                        ]
                    }
                },
                {
                    "id": "a3",
                    "path": {
                        "shape": "LineString",
                        "points": [
                            {
                                "coord": [
                                    121.70558440727227,
                                    38.82057698616724
                                ],
                                "spd": 1934143.0682813686
                            }
                        ]
                    }
                },
                {
                    "id": "a4",
                    "path": {
                        "shape": "LineString",
                        "points": [
                            {
                                "coord": [
                                    121.70772233819679,
                                    38.81631319749962
                                ],
                                "spd": 1934143.055628951
                            }
                        ]
                    }
                },
                {
                    "id": "a5",
                    "path": {
                        "shape": "LineString",
                        "points": [
                            {
                                "coord": [
                                    121.70201185376794,
                                    38.812035851056514
                                ],
                                "spd": 1934143.0355555546
                            }
                        ]
                    }
                },
                {
                    "id": "a6",
                    "path": {
                        "shape": "LineString",
                        "points": [
                            {
                                "coord": [
                                    121.69588905630548,
                                    38.80774378294997
                                ],
                                "spd": 1934143.0004621863
                            }
                        ]
                    }
                },
                {
                    "id": "a7",
                    "path": {
                        "shape": "LineString",
                        "points": [
                            {
                                "coord": [
                                    121.69285101323626,
                                    38.80345563946405
                                ],
                                "spd": 1934142.962635846
                            }
                        ]
                    }
                },
                {
                    "id": "a8",
                    "path": {
                        "shape": "LineString",
                        "points": [
                            {
                                "coord": [
                                    121.6897112573505,
                                    38.79923065471998
                                ],
                                "spd": 1934143.043553102
                            }
                        ]
                    }
                }
            ]
        }
    }
}