{
    "id": 1,
    "method": "stage_1",
    "content": {
        "arguments": {
            "vesPostion": {
                "a1": {
                    "coord": [
                        121.7017445348728,
                        38.82904226487252
                    ],
                    "spd": 20.00017105979322,
                    "course": 237.68803112280233
                },
                "a2": {
                    "coord": [
                        121.70545579302063,
                        38.82480396104201
                    ],
                    "spd": 20.000171059793157,
                    "course": 237.8499253919558
                },
                "a3": {
                    "coord": [
                        121.70973133598508,
                        38.820580931028054
                    ],
                    "spd": 20.000171059793256,
                    "course": 238.18120308537723
                },
                "a4": {
                    "coord": [
                        121.71186863224081,
                        38.816318352088395
                    ],
                    "spd": 20.00017105979319,
                    "course": 238.14495683731118
                },
                "a5": {
                    "coord": [
                        121.70615750269846,
                        38.81204324771527
                    ],
                    "spd": 20.00017105979315,
                    "course": 238.0874511056393
                },
                "a6": {
                    "coord": [
                        121.70003403700453,
                        38.807754961912295
                    ],
                    "spd": 20.000171059793264,
                    "course": 237.9869161079296
                },
                "a7": {
                    "coord": [
                        121.69699530947918,
                        38.80347076760479
                    ],
                    "spd": 20.00017105979316,
                    "course": 237.87855078469656
                },
                "a8": {
                    "coord": [
                        121.69385501991204,
                        38.79923767104699
                    ],
                    "spd": 20.000171059793225,
                    "course": 238.11036228404578
                }
            },
            "road": [
                {
                    "id": "a1",
                    "path": {
                        "shape": "LineString",
                        "points": [
                            {
                                "coord": [
                                    121.70233709928932,
                                    38.82904535870295
                                ],
                                "spd": 1934142.896133687
                            }
                        ]
                    }
                },
                {
                    "id": "a2",
                    "path": {
                        "shape": "LineString",
                        "points": [
                            {
                                "coord": [
                                    121.70604828381398,
                                    38.824806214453936
                                ],
                                "spd": 1934142.95264385
                            }
                        ]
                    }
                },
                {
                    "id": "a3",
                    "path": {
                        "shape": "LineString",
                        "points": [
                            {
                                "coord": [
                                    121.71032375446696,
                                    38.82058148256379
                                ],
                                "spd": 1934143.0682813686
                            }
                        ]
                    }
                },
                {
                    "id": "a4",
                    "path": {
                        "shape": "LineString",
                        "points": [
                            {
                                "coord": [
                                    121.7124609600848,
                                    38.816319076446526
                                ],
                                "spd": 1934143.0556289505
                            }
                        ]
                    }
                },
                {
                    "id": "a5",
                    "path": {
                        "shape": "LineString",
                        "points": [
                            {
                                "coord": [
                                    121.70674973843738,
                                    38.812044292373336
                                ],
                                "spd": 1934143.0355555546
                            }
                        ]
                    }
                },
                {
                    "id": "a6",
                    "path": {
                        "shape": "LineString",
                        "points": [
                            {
                                "coord": [
                                    121.70062617737288,
                                    38.80775654690396
                                ],
                                "spd": 1934143.0004621863
                            }
                        ]
                    }
                },
                {
                    "id": "a7",
                    "path": {
                        "shape": "LineString",
                        "points": [
                            {
                                "coord": [
                                    121.69758735216317,
                                    38.80347291676951
                                ],
                                "spd": 1934142.9626358459
                            }
                        ]
                    }
                },
                {
                    "id": "a8",
                    "path": {
                        "shape": "LineString",
                        "points": [
                            {
                                "coord": [
                                    121.69444698616046,
                                    38.799238661384024
                                ],
                                "spd": 1934143.043553102
                            }
                        ]
                    }
                }
            ]
        }
    }
}