{
    "id": 1,
    "method": "stage_1",
    "content": {
        "arguments": {
            "vesPostion": {
                "a1": {
                    "coord": [
                        121.70115197058684,
                        38.82903916803685
                    ],
                    "spd": 20.00017105979322,
                    "course": 237.68803112280233
                },
                "a2": {
                    "coord": [
                        121.70486330232237,
                        38.8248017046255
                    ],
                    "spd": 20.000171059793157,
                    "course": 237.8499253919558
                },
                "a3": {
                    "coord": [
                        121.70913891752657,
                        38.82058037648837
                    ],
                    "spd": 20.000171059793107,
                    "course": 238.18120308537698
                },
                "a4": {
                    "coord": [
                        121.71127630442741,
                        38.816317624727354
                    ],
                    "spd": 20.00017105979319,
                    "course": 238.14495683731118
                },
                "a5": {
                    "coord": [
                        121.70556526700364,
                        38.81204220005534
                    ],
                    "spd": 20.00017105979315,
                    "course": 238.0874511056393
                },
                "a6": {
                    "coord": [
                        121.69944189670304,
                        38.80775337391991
                    ],
                    "spd": 20.000171059793075,
                    "course": 237.98691610793048
                },
                "a7": {
                    "coord": [
                        121.69640326688582,
                        38.80346861544051
                    ],
                    "spd": 20.00017105979316,
                    "course": 237.87855078469656
                },
                "a8": {
                    "coord": [
                        121.69326305370541,
                        38.7992366777111
                    ],
                    "spd": 20.000171059793225,
                    "course": 238.11036228404578
                }
            },
            "road": [
                {
                    "id": "a1",
                    "path": {
                        "shape": "LineString",
                        "points": [
                            {
                                "coord": [
                                    121.7017445348728,
                                    38.82904226487252
                                ],
                                "spd": 1934142.896133687
                            }
                        ]
                    }
                },
                {
                    "id": "a2",
                    "path": {
                        "shape": "LineString",
                        "points": [
                            {
                                "coord": [
                                    121.70545579302063,
                                    38.82480396104201
                                ],
                                "spd": 1934142.9526438501
                            }
                        ]
                    }
                },
                {
                    "id": "a3",
                    "path": {
                        "shape": "LineString",
                        "points": [
                            {
                                "coord": [
                                    121.70973133598508,
                                    38.820580931028054
                                ],
                                "spd": 1934143.0682813686
                            }
                        ]
                    }
                },
                {
                    "id": "a4",
                    "path": {
                        "shape": "LineString",
                        "points": [
                            {
                                "coord": [
                                    121.71186863224081,
                                    38.816318352088395
                                ],
                                "spd": 1934143.055628951
                            }
                        ]
                    }
                },
                {
                    "id": "a5",
                    "path": {
                        "shape": "LineString",
                        "points": [
                            {
                                "coord": [
                                    121.70615750269846,
                                    38.81204324771527
                                ],
                                "spd": 1934143.0355555546
                            }
                        ]
                    }
                },
                {
                    "id": "a6",
                    "path": {
                        "shape": "LineString",
                        "points": [
                            {
                                "coord": [
                                    121.70003403700453,
                                    38.807754961912295
                                ],
                                "spd": 1934143.0004621863
                            }
                        ]
                    }
                },
                {
                    "id": "a7",
                    "path": {
                        "shape": "LineString",
                        "points": [
                            {
                                "coord": [
                                    121.69699530947918,
                                    38.80347076760479
                                ],
                                "spd": 1934142.9626358459
                            }
                        ]
                    }
                },
                {
                    "id": "a8",
                    "path": {
                        "shape": "LineString",
                        "points": [
                            {
                                "coord": [
                                    121.69385501991204,
                                    38.79923767104699
                                ],
                                "spd": 1934143.043553102
                            }
                        ]
                    }
                }
            ]
        }
    }
}