{
    "id": 1,
    "method": "stage_1",
    "content": {
        "arguments": {
            "vesPostion": {
                "a1": {
                    "coord": [
                        121.70648505384955,
                        38.82906693136944
                    ],
                    "spd": 20.000171059793246,
                    "course": 237.6880311228022
                },
                "a2": {
                    "coord": [
                        121.71019572201939,
                        38.824821904209145
                    ],
                    "spd": 20.000171059793157,
                    "course": 237.8499253919558
                },
                "a3": {
                    "coord": [
                        121.71447068448214,
                        38.820585259203206
                    ],
                    "spd": 20.00017105979318,
                    "course": 238.1812030853771
                },
                "a4": {
                    "coord": [
                        121.7166072558391,
                        38.816324062871374
                    ],
                    "spd": 20.00017105979317,
                    "course": 238.14495683731178
                },
                "a5": {
                    "coord": [
                        121.71089538983414,
                        38.81205152092731
                    ],
                    "spd": 20.000171059793246,
                    "course": 238.08745110563888
                },
                "a6": {
                    "coord": [
                        121.70477116181331,
                        38.80776755782459
                    ],
                    "spd": 20.00017105979317,
                    "course": 237.98691610793003
                },
                "a7": {
                    "coord": [
                        121.70173165347846,
                        38.803487876934575
                    ],
                    "spd": 20.00017105979316,
                    "course": 237.87855078469656
                },
                "a8": {
                    "coord": [
                        121.69859075105911,
                        38.799245509775375
                    ],
                    "spd": 20.000171059793225,
                    "course": 238.11036228404578
                }
            },
            "road": [
                {
                    "id": "a1",
                    "path": {
                        "shape": "LineString",
                        "points": [
                            {
                                "coord": [
                                    121.70707761930586,
                                    38.82907000115799
                                ],
                                "spd": 1934142.896133687
                            }
                        ]
                    }
                },
                {
                    "id": "a2",
                    "path": {
                        "shape": "LineString",
                        "points": [
                            {
                                "coord": [
                                    121.7107882135689,
                                    38.8248241335844
                                ],
                                "spd": 1934142.9526438501
                            }
                        ]
                    }
                },
                {
                    "id": "a3",
                    "path": {
                        "shape": "LineString",
                        "points": [
                            {
                                "coord": [
                                    121.71506310314598,
                                    38.82058578670729
                                ],
                                "spd": 1934143.0682813686
                            }
                        ]
                    }
                },
                {
                    "id": "a4",
                    "path": {
                        "shape": "LineString",
                        "points": [
                            {
                                "coord": [
                                    121.71719958392339,
                                    38.81632476320606
                                ],
                                "spd": 1934143.0556289505
                            }
                        ]
                    }
                },
                {
                    "id": "a5",
                    "path": {
                        "shape": "LineString",
                        "points": [
                            {
                                "coord": [
                                    121.71148762592135,
                                    38.81205254157039
                                ],
                                "spd": 1934143.0355555546
                            }
                        ]
                    }
                },
                {
                    "id": "a6",
                    "path": {
                        "shape": "LineString",
                        "points": [
                            {
                                "coord": [
                                    121.70536330271209,
                                    38.807769118810256
                                ],
                                "spd": 1934143.0004621863
                            }
                        ]
                    }
                },
                {
                    "id": "a7",
                    "path": {
                        "shape": "LineString",
                        "points": [
                            {
                                "coord": [
                                    121.70232369688306,
                                    38.80349000210272
                                ],
                                "spd": 1934142.9626358459
                            }
                        ]
                    }
                },
                {
                    "id": "a8",
                    "path": {
                        "shape": "LineString",
                        "points": [
                            {
                                "coord": [
                                    121.69918271763737,
                                    38.79924647612158
                                ],
                                "spd": 1934143.043553102
                            }
                        ]
                    }
                }
            ]
        }
    }
}