{
    "id": 1,
    "method": "stage_1",
    "content": {
        "arguments": {
            "vesPostion": {
                "a1": {
                    "coord": [
                        121.70944788242392,
                        38.82908225025967
                    ],
                    "spd": 20.000171059793246,
                    "course": 237.6880311228022
                },
                "a2": {
                    "coord": [
                        121.71315818070525,
                        38.824833021039495
                    ],
                    "spd": 20.000171059793136,
                    "course": 237.8499253919559
                },
                "a3": {
                    "coord": [
                        121.71743277802184,
                        38.82058786668409
                    ],
                    "spd": 20.000171059793136,
                    "course": 238.1812030853773
                },
                "a4": {
                    "coord": [
                        121.71897656835249,
                        38.81632684619253
                    ],
                    "spd": 0.0,
                    "course": 90.0
                },
                "a5": {
                    "coord": [
                        121.7138565706985,
                        38.812056594123874
                    ],
                    "spd": 20.000171059793114,
                    "course": 238.08745110563925
                },
                "a6": {
                    "coord": [
                        121.70773186696337,
                        38.80777533274534
                    ],
                    "spd": 20.00017105979317,
                    "course": 237.98691610793003
                },
                "a7": {
                    "coord": [
                        121.70469187139516,
                        38.8034984727795
                    ],
                    "spd": 20.00017105979316,
                    "course": 237.87855078469656
                },
                "a8": {
                    "coord": [
                        121.70155058435574,
                        38.79925031151781
                    ],
                    "spd": 20.00017105979326,
                    "course": 238.11036228404586
                }
            },
            "road": [
                {
                    "id": "a1",
                    "path": {
                        "shape": "LineString",
                        "points": [
                            {
                                "coord": [
                                    121.71004044852599,
                                    38.82908530502196
                                ],
                                "spd": 1934142.896133687
                            }
                        ]
                    }
                },
                {
                    "id": "a2",
                    "path": {
                        "shape": "LineString",
                        "points": [
                            {
                                "coord": [
                                    121.7137506727233,
                                    38.82483523539178
                                ],
                                "spd": 1934142.95264385
                            }
                        ]
                    }
                },
                {
                    "id": "a3",
                    "path": {
                        "shape": "LineString",
                        "points": [
                            {
                                "coord": [
                                    121.71802519679534,
                                    38.8205883791684
                                ],
                                "spd": 1934143.0682813686
                            }
                        ]
                    }
                },
                {
                    "id": "a4",
                    "path": {
                        "shape": "LineString",
                        "points": [
                            {
                                "coord": [
                                    121.71897656835249,
                                    38.81632684619253
                                ],
                                "spd": 1934143.0953587806
                            }
                        ]
                    }
                },
                {
                    "id": "a5",
                    "path": {
                        "shape": "LineString",
                        "points": [
                            {
                                "coord": [
                                    121.71444880699923,
                                    38.81205759975755
                                ],
                                "spd": 1934143.0355555546
                            }
                        ]
                    }
                },
                {
                    "id": "a6",
                    "path": {
                        "shape": "LineString",
                        "points": [
                            {
                                "coord": [
                                    121.70832400818959,
                                    38.80777687872722
                                ],
                                "spd": 1934143.000462186
                            }
                        ]
                    }
                },
                {
                    "id": "a7",
                    "path": {
                        "shape": "LineString",
                        "points": [
                            {
                                "coord": [
                                    121.70528391524597,
                                    38.80350058294974
                                ],
                                "spd": 1934142.962635846
                            }
                        ]
                    }
                },
                {
                    "id": "a8",
                    "path": {
                        "shape": "LineString",
                        "points": [
                            {
                                "coord": [
                                    121.70214255113603,
                                    38.799251262869724
                                ],
                                "spd": 1934143.043553102
                            }
                        ]
                    }
                }
            ]
        }
    }
}