{
    "id": 1,
    "method": "stage_1",
    "content": {
        "arguments": {
            "vesPostion": {
                "a1": {
                    "coord": [
                        121.71241071422075,
                        38.829097494018534
                    ],
                    "spd": 20.000171059793246,
                    "course": 237.6880311228022
                },
                "a2": {
                    "coord": [
                        121.71612064172727,
                        38.82484406275492
                    ],
                    "spd": 20.00017105979321,
                    "course": 237.84992539195605
                },
                "a3": {
                    "coord": [
                        121.71912708642625,
                        38.82087706442873
                    ],
                    "spd": 20.000171059793196,
                    "course": 140.2321261367727
                },
                "a4": {
                    "coord": [
                        121.71918072806207,
                        38.8177758162598
                    ],
                    "spd": 20.000171059793175,
                    "course": 152.23360799836303
                },
                "a5": {
                    "coord": [
                        121.7168177526243,
                        38.81206159227344
                    ],
                    "spd": 20.000171059793207,
                    "course": 238.08745110563882
                },
                "a6": {
                    "coord": [
                        121.7106925737442,
                        38.80778303264711
                    ],
                    "spd": 20.00017105979317,
                    "course": 237.98691610793003
                },
                "a7": {
                    "coord": [
                        121.70765209153676,
                        38.80350899363482
                    ],
                    "spd": 20.00017105979316,
                    "course": 237.87855078469656
                },
                "a8": {
                    "coord": [
                        121.70451041865621,
                        38.79925503828876
                    ],
                    "spd": 20.00017105979326,
                    "course": 238.11036228404586
                }
            },
            "road": [
                {
                    "id": "a1",
                    "path": {
                        "shape": "LineString",
                        "points": [
                            {
                                "coord": [
                                    121.7130032809654,
                                    38.82910053375453
                                ],
                                "spd": 1934142.896133687
                            }
                        ]
                    }
                },
                {
                    "id": "a2",
                    "path": {
                        "shape": "LineString",
                        "points": [
                            {
                                "coord": [
                                    121.71671313421062,
                                    38.8248462620842
                                ],
                                "spd": 1934142.9526438501
                            }
                        ]
                    }
                },
                {
                    "id": "a3",
                    "path": {
                        "shape": "LineString",
                        "points": [
                            {
                                "coord": [
                                    121.71904413674726,
                                    38.821164737249326
                                ],
                                "spd": 1934123.2911411645
                            }
                        ]
                    }
                },
                {
                    "id": "a4",
                    "path": {
                        "shape": "LineString",
                        "points": [
                            {
                                "coord": [
                                    121.71922156253088,
                                    38.81806562111878
                                ],
                                "spd": 1934123.14328961
                            }
                        ]
                    }
                },
                {
                    "id": "a5",
                    "path": {
                        "shape": "LineString",
                        "points": [
                            {
                                "coord": [
                                    121.71740998913543,
                                    38.8120625828977
                                ],
                                "spd": 1934143.0355555546
                            }
                        ]
                    }
                },
                {
                    "id": "a6",
                    "path": {
                        "shape": "LineString",
                        "points": [
                            {
                                "coord": [
                                    121.71128471529467,
                                    38.80778456362518
                                ],
                                "spd": 1934143.000462186
                            }
                        ]
                    }
                },
                {
                    "id": "a7",
                    "path": {
                        "shape": "LineString",
                        "points": [
                            {
                                "coord": [
                                    121.7082441358307,
                                    38.80351108880712
                                ],
                                "spd": 1934142.9626358459
                            }
                        ]
                    }
                },
                {
                    "id": "a8",
                    "path": {
                        "shape": "LineString",
                        "points": [
                            {
                                "coord": [
                                    121.7051023856354,
                                    38.79925597464636
                                ],
                                "spd": 1934143.043553102
                            }
                        ]
                    }
                }
            ]
        }
    }
}