{
    "id": 1,
    "method": "stage_1",
    "content": {
        "arguments": {
            "vesPostion": {
                "a1": {
                    "coord": [
                        121.71122558111634,
                        38.82909140553077
                    ],
                    "spd": 20.000171059793246,
                    "course": 237.6880311228022
                },
                "a2": {
                    "coord": [
                        121.71493565703915,
                        38.82483965508255
                    ],
                    "spd": 20.000171059793136,
                    "course": 237.8499253919559
                },
                "a3": {
                    "coord": [
                        121.7192100344068,
                        38.820589395125126
                    ],
                    "spd": 20.00017105979318,
                    "course": 238.1812030853771
                },
                "a4": {
                    "coord": [
                        121.71909906165142,
                        38.81719621738753
                    ],
                    "spd": 20.000171059793175,
                    "course": 152.23360799836303
                },
                "a5": {
                    "coord": [
                        121.71563327972761,
                        38.81205960201926
                    ],
                    "spd": 20.000171059793207,
                    "course": 238.08745110563882
                },
                "a6": {
                    "coord": [
                        121.70950829083719,
                        38.80777996168868
                    ],
                    "spd": 20.00017105979317,
                    "course": 237.98691610793003
                },
                "a7": {
                    "coord": [
                        121.70646800321413,
                        38.80350479429145
                    ],
                    "spd": 20.00017105979316,
                    "course": 237.87855078469656
                },
                "a8": {
                    "coord": [
                        121.70332648481659,
                        38.79925315657697
                    ],
                    "spd": 20.00017105979326,
                    "course": 238.11036228404586
                }
            },
            "road": [
                {
                    "id": "a1",
                    "path": {
                        "shape": "LineString",
                        "points": [
                            {
                                "coord": [
                                    121.71181814760432,
                                    38.829094451277285
                                ],
                                "spd": 1934142.896133687
                            }
                        ]
                    }
                },
                {
                    "id": "a2",
                    "path": {
                        "shape": "LineString",
                        "points": [
                            {
                                "coord": [
                                    121.71552814933675,
                                    38.82484186042103
                                ],
                                "spd": 1934142.95264385
                            }
                        ]
                    }
                },
                {
                    "id": "a3",
                    "path": {
                        "shape": "LineString",
                        "points": [
                            {
                                "coord": [
                                    121.7192100344068,
                                    38.820589395125126
                                ],
                                "spd": 1934143.0953587806
                            }
                        ]
                    }
                },
                {
                    "id": "a4",
                    "path": {
                        "shape": "LineString",
                        "points": [
                            {
                                "coord": [
                                    121.7191398944356,
                                    38.817486015016065
                                ],
                                "spd": 1934123.1432896103
                            }
                        ]
                    }
                },
                {
                    "id": "a5",
                    "path": {
                        "shape": "LineString",
                        "points": [
                            {
                                "coord": [
                                    121.71622551615496,
                                    38.812060598647285
                                ],
                                "spd": 1934143.035555555
                            }
                        ]
                    }
                },
                {
                    "id": "a6",
                    "path": {
                        "shape": "LineString",
                        "points": [
                            {
                                "coord": [
                                    121.71010043225834,
                                    38.80778149866827
                                ],
                                "spd": 1934143.000462186
                            }
                        ]
                    }
                },
                {
                    "id": "a7",
                    "path": {
                        "shape": "LineString",
                        "points": [
                            {
                                "coord": [
                                    121.7070600473312,
                                    38.80350689546293
                                ],
                                "spd": 1934142.962635846
                            }
                        ]
                    }
                },
                {
                    "id": "a8",
                    "path": {
                        "shape": "LineString",
                        "points": [
                            {
                                "coord": [
                                    121.70391845171659,
                                    38.799254098932295
                                ],
                                "spd": 1934143.043553102
                            }
                        ]
                    }
                }
            ]
        }
    }
}