{
    "id": 1,
    "method": "stage_1",
    "content": {
        "arguments": {
            "vesPostion": {
                "a1": {
                    "coord": [
                        121.70885531645075,
                        38.829079192492124
                    ],
                    "spd": 20.000171059793246,
                    "course": 237.6880311228022
                },
                "a2": {
                    "coord": [
                        121.7125656887807,
                        38.82483080368261
                    ],
                    "spd": 20.000171059793157,
                    "course": 237.8499253919558
                },
                "a3": {
                    "coord": [
                        121.71684035927007,
                        38.82058735119583
                    ],
                    "spd": 20.000171059793136,
                    "course": 238.1812030853773
                },
                "a4": {
                    "coord": [
                        121.71897656835249,
                        38.81632684619253
                    ],
                    "spd": 20.00017105979318,
                    "course": 238.1449568373115
                },
                "a5": {
                    "coord": [
                        121.7132643344402,
                        38.812055585488324
                    ],
                    "spd": 20.000171059793207,
                    "course": 238.08745110563882
                },
                "a6": {
                    "coord": [
                        121.70713972580239,
                        38.80777378376269
                    ],
                    "spd": 20.00017105979317,
                    "course": 237.98691610793003
                },
                "a7": {
                    "coord": [
                        121.70409982763329,
                        38.80349635960968
                    ],
                    "spd": 20.00017105979316,
                    "course": 237.87855078469656
                },
                "a8": {
                    "coord": [
                        121.70095861761558,
                        38.79924935716705
                    ],
                    "spd": 20.00017105979326,
                    "course": 238.11036228404586
                }
            },
            "road": [
                {
                    "id": "a1",
                    "path": {
                        "shape": "LineString",
                        "points": [
                            {
                                "coord": [
                                    121.70944788242392,
                                    38.82908225025967
                                ],
                                "spd": 1934142.896133687
                            }
                        ]
                    }
                },
                {
                    "id": "a2",
                    "path": {
                        "shape": "LineString",
                        "points": [
                            {
                                "coord": [
                                    121.71315818070525,
                                    38.824833021039495
                                ],
                                "spd": 1934142.9526438501
                            }
                        ]
                    }
                },
                {
                    "id": "a3",
                    "path": {
                        "shape": "LineString",
                        "points": [
                            {
                                "coord": [
                                    121.71743277802184,
                                    38.82058786668409
                                ],
                                "spd": 1934143.0682813688
                            }
                        ]
                    }
                },
                {
                    "id": "a4",
                    "path": {
                        "shape": "LineString",
                        "points": [
                            {
                                "coord": [
                                    121.71897656835249,
                                    38.81632684619253
                                ],
                                "spd": 1934143.0953587806
                            }
                        ]
                    }
                },
                {
                    "id": "a5",
                    "path": {
                        "shape": "LineString",
                        "points": [
                            {
                                "coord": [
                                    121.7138565706985,
                                    38.812056594123874
                                ],
                                "spd": 1934143.0355555546
                            }
                        ]
                    }
                },
                {
                    "id": "a6",
                    "path": {
                        "shape": "LineString",
                        "points": [
                            {
                                "coord": [
                                    121.70773186696337,
                                    38.80777533274534
                                ],
                                "spd": 1934143.0004621863
                            }
                        ]
                    }
                },
                {
                    "id": "a7",
                    "path": {
                        "shape": "LineString",
                        "points": [
                            {
                                "coord": [
                                    121.70469187139516,
                                    38.8034984727795
                                ],
                                "spd": 1934142.9626358459
                            }
                        ]
                    }
                },
                {
                    "id": "a8",
                    "path": {
                        "shape": "LineString",
                        "points": [
                            {
                                "coord": [
                                    121.70155058435574,
                                    38.79925031151781
                                ],
                                "spd": 1934143.043553102
                            }
                        ]
                    }
                }
            ]
        }
    }
}