{
    "id": 1,
    "method": "stage_1",
    "content": {
        "arguments": {
            "vesPostion": {
                "a1": {
                    "coord": [
                        121.71063301475685,
                        38.82908835677899
                    ],
                    "spd": 20.000171059793246,
                    "course": 237.6880311228022
                },
                "a2": {
                    "coord": [
                        121.71434316483462,
                        38.824837446739465
                    ],
                    "spd": 20.000171059793136,
                    "course": 237.8499253919559
                },
                "a3": {
                    "coord": [
                        121.71861761559035,
                        38.82058888864874
                    ],
                    "spd": 20.000171059793136,
                    "course": 238.1812030853773
                },
                "a4": {
                    "coord": [
                        121.71905822970953,
                        38.81690642337412
                    ],
                    "spd": 20.000171059793196,
                    "course": 152.23360799836294
                },
                "a5": {
                    "coord": [
                        121.71504104334232,
                        38.81205860238934
                    ],
                    "spd": 20.000171059793114,
                    "course": 238.08745110563925
                },
                "a6": {
                    "coord": [
                        121.7089161494809,
                        38.80777842170832
                    ],
                    "spd": 20.00017105979317,
                    "course": 237.98691610793003
                },
                "a7": {
                    "coord": [
                        121.70587595918569,
                        38.80350269012039
                    ],
                    "spd": 20.00017105979316,
                    "course": 237.87855078469656
                },
                "a8": {
                    "coord": [
                        121.70273451795634,
                        38.79925221122278
                    ],
                    "spd": 20.00017105979326,
                    "course": 238.11036228404586
                }
            },
            "road": [
                {
                    "id": "a1",
                    "path": {
                        "shape": "LineString",
                        "points": [
                            {
                                "coord": [
                                    121.71122558111634,
                                    38.82909140553077
                                ],
                                "spd": 1934142.8961336873
                            }
                        ]
                    }
                },
                {
                    "id": "a2",
                    "path": {
                        "shape": "LineString",
                        "points": [
                            {
                                "coord": [
                                    121.71493565703915,
                                    38.82483965508255
                                ],
                                "spd": 1934142.9526438501
                            }
                        ]
                    }
                },
                {
                    "id": "a3",
                    "path": {
                        "shape": "LineString",
                        "points": [
                            {
                                "coord": [
                                    121.7192100344068,
                                    38.820589395125126
                                ],
                                "spd": 1934143.0682813686
                            }
                        ]
                    }
                },
                {
                    "id": "a4",
                    "path": {
                        "shape": "LineString",
                        "points": [
                            {
                                "coord": [
                                    121.71909906165142,
                                    38.81719621738753
                                ],
                                "spd": 1934123.14328961
                            }
                        ]
                    }
                },
                {
                    "id": "a5",
                    "path": {
                        "shape": "LineString",
                        "points": [
                            {
                                "coord": [
                                    121.71563327972761,
                                    38.81205960201926
                                ],
                                "spd": 1934143.0355555546
                            }
                        ]
                    }
                },
                {
                    "id": "a6",
                    "path": {
                        "shape": "LineString",
                        "points": [
                            {
                                "coord": [
                                    121.70950829083719,
                                    38.80777996168868
                                ],
                                "spd": 1934143.0004621863
                            }
                        ]
                    }
                },
                {
                    "id": "a7",
                    "path": {
                        "shape": "LineString",
                        "points": [
                            {
                                "coord": [
                                    121.70646800321413,
                                    38.80350479429145
                                ],
                                "spd": 1934142.9626358459
                            }
                        ]
                    }
                },
                {
                    "id": "a8",
                    "path": {
                        "shape": "LineString",
                        "points": [
                            {
                                "coord": [
                                    121.70332648481659,
                                    38.79925315657697
                                ],
                                "spd": 1934143.043553102
                            }
                        ]
                    }
                }
            ]
        }
    }
}