{
    "id": 1,
    "method": "stage_1",
    "content": {
        "arguments": {
            "vesPostion": {
                "a1": {
                    "coord": [
                        121.71004044852599,
                        38.82908530502196
                    ],
                    "spd": 20.000171059793097,
                    "course": 237.68803112280193
                },
                "a2": {
                    "coord": [
                        121.7137506727233,
                        38.82483523539178
                    ],
                    "spd": 20.000171059793136,
                    "course": 237.8499253919559
                },
                "a3": {
                    "coord": [
                        121.71802519679534,
                        38.8205883791684
                    ],
                    "spd": 20.00017105979318,
                    "course": 238.1812030853771
                },
                "a4": {
                    "coord": [
                        121.7190173986099,
                        38.81661663297581
                    ],
                    "spd": 20.000171059793175,
                    "course": 152.23360799836303
                },
                "a5": {
                    "coord": [
                        121.71444880699923,
                        38.81205759975755
                    ],
                    "spd": 20.000171059793207,
                    "course": 238.08745110563882
                },
                "a6": {
                    "coord": [
                        121.70832400818959,
                        38.80777687872722
                    ],
                    "spd": 20.00017105979317,
                    "course": 237.98691610793003
                },
                "a7": {
                    "coord": [
                        121.70528391524597,
                        38.80350058294974
                    ],
                    "spd": 20.00017105979316,
                    "course": 237.87855078469656
                },
                "a8": {
                    "coord": [
                        121.70214255113603,
                        38.799251262869724
                    ],
                    "spd": 20.00017105979326,
                    "course": 238.11036228404586
                }
            },
            "road": [
                {
                    "id": "a1",
                    "path": {
                        "shape": "LineString",
                        "points": [
                            {
                                "coord": [
                                    121.71063301475685,
                                    38.82908835677899
                                ],
                                "spd": 1934142.896133687
                            }
                        ]
                    }
                },
                {
                    "id": "a2",
                    "path": {
                        "shape": "LineString",
                        "points": [
                            {
                                "coord": [
                                    121.71434316483462,
                                    38.824837446739465
                                ],
                                "spd": 1934142.9526438501
                            }
                        ]
                    }
                },
                {
                    "id": "a3",
                    "path": {
                        "shape": "LineString",
                        "points": [
                            {
                                "coord": [
                                    121.71861761559035,
                                    38.82058888864874
                                ],
                                "spd": 1934143.0682813688
                            }
                        ]
                    }
                },
                {
                    "id": "a4",
                    "path": {
                        "shape": "LineString",
                        "points": [
                            {
                                "coord": [
                                    121.71905822970953,
                                    38.81690642337412
                                ],
                                "spd": 1934123.14328961
                            }
                        ]
                    }
                },
                {
                    "id": "a5",
                    "path": {
                        "shape": "LineString",
                        "points": [
                            {
                                "coord": [
                                    121.71504104334232,
                                    38.81205860238934
                                ],
                                "spd": 1934143.0355555546
                            }
                        ]
                    }
                },
                {
                    "id": "a6",
                    "path": {
                        "shape": "LineString",
                        "points": [
                            {
                                "coord": [
                                    121.7089161494809,
                                    38.80777842170832
                                ],
                                "spd": 1934143.0004621863
                            }
                        ]
                    }
                },
                {
                    "id": "a7",
                    "path": {
                        "shape": "LineString",
                        "points": [
                            {
                                "coord": [
                                    121.70587595918569,
                                    38.80350269012039
                                ],
                                "spd": 1934142.9626358459
                            }
                        ]
                    }
                },
                {
                    "id": "a8",
                    "path": {
                        "shape": "LineString",
                        "points": [
                            {
                                "coord": [
                                    121.70273451795634,
                                    38.79925221122278
                                ],
                                "spd": 1934143.043553102
                            }
                        ]
                    }
                }
            ]
        }
    }
}