{
    "id": 1,
    "method": "stage_1",
    "content": {
        "arguments": {
            "vesPostion": {
                "a1": {
                    "coord": [
                        121.71181814760432,
                        38.829094451277285
                    ],
                    "spd": 20.00017105979311,
                    "course": 237.68803112280187
                },
                "a2": {
                    "coord": [
                        121.71552814933675,
                        38.82484186042103
                    ],
                    "spd": 20.00017105979321,
                    "course": 237.84992539195605
                },
                "a3": {
                    "coord": [
                        121.7192100344068,
                        38.820589395125126
                    ],
                    "spd": 0.0,
                    "course": 90.0
                },
                "a4": {
                    "coord": [
                        121.7191398944356,
                        38.817486015016065
                    ],
                    "spd": 20.000171059793175,
                    "course": 152.23360799836303
                },
                "a5": {
                    "coord": [
                        121.71622551615496,
                        38.812060598647285
                    ],
                    "spd": 20.00017105979315,
                    "course": 238.0874511056393
                },
                "a6": {
                    "coord": [
                        121.71010043225834,
                        38.80778149866827
                    ],
                    "spd": 20.00017105979317,
                    "course": 237.98691610793003
                },
                "a7": {
                    "coord": [
                        121.7070600473312,
                        38.80350689546293
                    ],
                    "spd": 20.00017105979316,
                    "course": 237.87855078469656
                },
                "a8": {
                    "coord": [
                        121.70391845171659,
                        38.799254098932295
                    ],
                    "spd": 20.000171059793075,
                    "course": 238.11036228404672
                }
            },
            "road": [
                {
                    "id": "a1",
                    "path": {
                        "shape": "LineString",
                        "points": [
                            {
                                "coord": [
                                    121.71241071422075,
                                    38.829097494018534
                                ],
                                "spd": 1934142.896133687
                            }
                        ]
                    }
                },
                {
                    "id": "a2",
                    "path": {
                        "shape": "LineString",
                        "points": [
                            {
                                "coord": [
                                    121.71612064172727,
                                    38.82484406275492
                                ],
                                "spd": 1934142.9526438501
                            }
                        ]
                    }
                },
                {
                    "id": "a3",
                    "path": {
                        "shape": "LineString",
                        "points": [
                            {
                                "coord": [
                                    121.7192100344068,
                                    38.820589395125126
                                ],
                                "spd": 1934143.0953587806
                            }
                        ]
                    }
                },
                {
                    "id": "a4",
                    "path": {
                        "shape": "LineString",
                        "points": [
                            {
                                "coord": [
                                    121.71918072806207,
                                    38.8177758162598
                                ],
                                "spd": 1934123.1432896103
                            }
                        ]
                    }
                },
                {
                    "id": "a5",
                    "path": {
                        "shape": "LineString",
                        "points": [
                            {
                                "coord": [
                                    121.7168177526243,
                                    38.81206159227344
                                ],
                                "spd": 1934143.0355555546
                            }
                        ]
                    }
                },
                {
                    "id": "a6",
                    "path": {
                        "shape": "LineString",
                        "points": [
                            {
                                "coord": [
                                    121.7106925737442,
                                    38.80778303264711
                                ],
                                "spd": 1934143.0004621863
                            }
                        ]
                    }
                },
                {
                    "id": "a7",
                    "path": {
                        "shape": "LineString",
                        "points": [
                            {
                                "coord": [
                                    121.70765209153676,
                                    38.80350899363482
                                ],
                                "spd": 1934142.9626358459
                            }
                        ]
                    }
                },
                {
                    "id": "a8",
                    "path": {
                        "shape": "LineString",
                        "points": [
                            {
                                "coord": [
                                    121.70451041865621,
                                    38.79925503828876
                                ],
                                "spd": 1934143.043553102
                            }
                        ]
                    }
                }
            ]
        }
    }
}