{
    "id": 1,
    "method": "stage_1",
    "content": {
        "arguments": {
            "vesPostion": {
                "a1": {
                    "coord": [
                        121.7130032809654,
                        38.82910053375453
                    ],
                    "spd": 20.00017105979311,
                    "course": 237.68803112280187
                },
                "a2": {
                    "coord": [
                        121.71671313421062,
                        38.8248462620842
                    ],
                    "spd": 20.00017105979321,
                    "course": 237.84992539195605
                },
                "a3": {
                    "coord": [
                        121.71904413674726,
                        38.821164737249326
                    ],
                    "spd": 20.000171059793196,
                    "course": 140.2321261367727
                },
                "a4": {
                    "coord": [
                        121.71922156253088,
                        38.81806562111878
                    ],
                    "spd": 20.000171059793217,
                    "course": 152.2336079983628
                },
                "a5": {
                    "coord": [
                        121.71740998913543,
                        38.8120625828977
                    ],
                    "spd": 20.00017105979315,
                    "course": 238.0874511056393
                },
                "a6": {
                    "coord": [
                        121.71128471529467,
                        38.80778456362518
                    ],
                    "spd": 20.00017105979317,
                    "course": 237.98691610793003
                },
                "a7": {
                    "coord": [
                        121.7082441358307,
                        38.80351108880712
                    ],
                    "spd": 20.00017105979316,
                    "course": 237.87855078469656
                },
                "a8": {
                    "coord": [
                        121.7051023856354,
                        38.79925597464636
                    ],
                    "spd": 20.000171059793075,
                    "course": 238.11036228404672
                }
            },
            "road": [
                {
                    "id": "a1",
                    "path": {
                        "shape": "LineString",
                        "points": [
                            {
                                "coord": [
                                    121.7130032809654,
                                    38.82910053375453
                                ],
                                "spd": 1934143.0953587806
                            }
                        ]
                    }
                },
                {
                    "id": "a2",
                    "path": {
                        "shape": "LineString",
                        "points": [
                            {
                                "coord": [
                                    121.71671313421062,
                                    38.8248462620842
                                ],
                                "spd": 1934143.0953587806
                            }
                        ]
                    }
                },
                {
                    "id": "a3",
                    "path": {
                        "shape": "LineString",
                        "points": [
                            {
                                "coord": [
                                    121.71896118536975,
                                    38.821452413587
                                ],
                                "spd": 1934123.2911411645
                            }
                        ]
                    }
                },
                {
                    "id": "a4",
                    "path": {
                        "shape": "LineString",
                        "points": [
                            {
                                "coord": [
                                    121.71926239784202,
                                    38.81835542959304
                                ],
                                "spd": 1934123.1432896103
                            }
                        ]
                    }
                },
                {
                    "id": "a5",
                    "path": {
                        "shape": "LineString",
                        "points": [
                            {
                                "coord": [
                                    121.71800222568827,
                                    38.812063570520074
                                ],
                                "spd": 1934143.0355555546
                            }
                        ]
                    }
                },
                {
                    "id": "a6",
                    "path": {
                        "shape": "LineString",
                        "points": [
                            {
                                "coord": [
                                    121.7118768569096,
                                    38.80778609160247
                                ],
                                "spd": 1934143.0004621868
                            }
                        ]
                    }
                },
                {
                    "id": "a7",
                    "path": {
                        "shape": "LineString",
                        "points": [
                            {
                                "coord": [
                                    121.70883618021287,
                                    38.80351318097981
                                ],
                                "spd": 1934142.962635846
                            }
                        ]
                    }
                },
                {
                    "id": "a8",
                    "path": {
                        "shape": "LineString",
                        "points": [
                            {
                                "coord": [
                                    121.70569435265396,
                                    38.79925690800509
                                ],
                                "spd": 1934143.043553102
                            }
                        ]
                    }
                }
            ]
        }
    }
}