{
    "id": 1,
    "method": "stage_1",
    "content": {
        "arguments": {
            "vesPostion": {
                "a1": {
                    "coord": [
                        121.7104029525418,
                        38.83131458018302
                    ],
                    "spd": 20.00017105979314,
                    "course": 417.7800785089281
                },
                "a2": {
                    "coord": [
                        121.71441625496448,
                        38.82701367360502
                    ],
                    "spd": 20.000171059793185,
                    "course": 417.9111992777912
                },
                "a3": {
                    "coord": [
                        121.71566705385328,
                        38.82260155323629
                    ],
                    "spd": 20.00017105979321,
                    "course": 418.21971511313257
                },
                "a4": {
                    "coord": [
                        121.71393105186381,
                        38.81835112539371
                    ],
                    "spd": 20.000171059793136,
                    "course": 418.18907876280406
                },
                "a5": {
                    "coord": [
                        121.71931330569478,
                        38.814097634596926
                    ],
                    "spd": 20.00017105979323,
                    "course": 150.03074015768362
                },
                "a6": {
                    "coord": [
                        121.7177982765769,
                        38.80780120633319
                    ],
                    "spd": 20.00017105979319,
                    "course": 237.98691610793006
                },
                "a7": {
                    "coord": [
                        121.71475662886,
                        38.80353393772888
                    ],
                    "spd": 20.00017105979322,
                    "course": 237.87855078469545
                },
                "a8": {
                    "coord": [
                        121.71069310335866,
                        38.7995243075801
                    ],
                    "spd": 20.000171059793097,
                    "course": 174.66795214294768
                }
            },
            "road": [
                {
                    "id": "a1",
                    "path": {
                        "shape": "LineString",
                        "points": [
                            {
                                "coord": [
                                    121.7098103301476,
                                    38.83131199390373
                                ],
                                "spd": 1934143.2626611486
                            }
                        ]
                    }
                },
                {
                    "id": "a2",
                    "path": {
                        "shape": "LineString",
                        "points": [
                            {
                                "coord": [
                                    121.71382371247292,
                                    38.827011773199594
                                ],
                                "spd": 1934143.216892179
                            }
                        ]
                    }
                },
                {
                    "id": "a3",
                    "path": {
                        "shape": "LineString",
                        "points": [
                            {
                                "coord": [
                                    121.71507459209015,
                                    38.82260122404834
                                ],
                                "spd": 1934143.109199664
                            }
                        ]
                    }
                },
                {
                    "id": "a4",
                    "path": {
                        "shape": "LineString",
                        "points": [
                            {
                                "coord": [
                                    121.71333868019043,
                                    38.81835063213218
                                ],
                                "spd": 1934143.1198938543
                            }
                        ]
                    }
                },
                {
                    "id": "a5",
                    "path": {
                        "shape": "LineString",
                        "points": [
                            {
                                "coord": [
                                    121.71931330569478,
                                    38.814097634596926
                                ],
                                "spd": 1934143.0953587806
                            }
                        ]
                    }
                },
                {
                    "id": "a6",
                    "path": {
                        "shape": "LineString",
                        "points": [
                            {
                                "coord": [
                                    121.71839041889264,
                                    38.807802701302
                                ],
                                "spd": 1934143.0004621863
                            }
                        ]
                    }
                },
                {
                    "id": "a7",
                    "path": {
                        "shape": "LineString",
                        "points": [
                            {
                                "coord": [
                                    121.71475662886,
                                    38.80353393772888
                                ],
                                "spd": 1934143.0953587806
                            }
                        ]
                    }
                },
                {
                    "id": "a8",
                    "path": {
                        "shape": "LineString",
                        "points": [
                            {
                                "coord": [
                                    121.7109561213807,
                                    38.799784350576594
                                ],
                                "spd": 1934125.1823696478
                            }
                        ]
                    }
                }
            ]
        }
    }
}