{
    "id": 1,
    "method": "stage_1",
    "content": {
        "arguments": {
            "vesPostion": {
                "a1": {
                    "coord": [
                        121.71229576724988,
                        38.83021011428942
                    ],
                    "spd": 20.000171059793143,
                    "course": 130.9214314466027
                },
                "a2": {
                    "coord": [
                        121.7158609987673,
                        38.825930894238965
                    ],
                    "spd": 20.000171059793217,
                    "course": 127.21187923634706
                },
                "a3": {
                    "coord": [
                        121.71862936287374,
                        38.8226031541093
                    ],
                    "spd": 20.00017105979313,
                    "course": 140.23212613677256
                },
                "a4": {
                    "coord": [
                        121.71748528233503,
                        38.818354021890826
                    ],
                    "spd": 20.000171059793136,
                    "course": 418.18907876280406
                },
                "a5": {
                    "coord": [
                        121.71920478447966,
                        38.81235582553107
                    ],
                    "spd": 20.00017105979321,
                    "course": 150.03074015768374
                },
                "a6": {
                    "coord": [
                        121.71424542401148,
                        38.80779217350402
                    ],
                    "spd": 20.00017105979317,
                    "course": 237.98691610793003
                },
                "a7": {
                    "coord": [
                        121.71120435862144,
                        38.80352151967466
                    ],
                    "spd": 20.000171059793143,
                    "course": 237.8785507846965
                },
                "a8": {
                    "coord": [
                        121.70806222111968,
                        38.79926061145141
                    ],
                    "spd": 20.00017105979326,
                    "course": 238.11036228404586
                }
            },
            "road": [
                {
                    "id": "a1",
                    "path": {
                        "shape": "LineString",
                        "points": [
                            {
                                "coord": [
                                    121.71211888009043,
                                    38.83048751706359
                                ],
                                "spd": 1934124.0038997903
                            }
                        ]
                    }
                },
                {
                    "id": "a2",
                    "path": {
                        "shape": "LineString",
                        "points": [
                            {
                                "coord": [
                                    121.7156479546274,
                                    38.82620205924817
                                ],
                                "spd": 1934124.429513524
                            }
                        ]
                    }
                },
                {
                    "id": "a3",
                    "path": {
                        "shape": "LineString",
                        "points": [
                            {
                                "coord": [
                                    121.71862936287374,
                                    38.8226031541093
                                ],
                                "spd": 1934143.0953587806
                            }
                        ]
                    }
                },
                {
                    "id": "a4",
                    "path": {
                        "shape": "LineString",
                        "points": [
                            {
                                "coord": [
                                    121.71689291053916,
                                    38.81835354664989
                                ],
                                "spd": 1934143.1198938543
                            }
                        ]
                    }
                },
                {
                    "id": "a5",
                    "path": {
                        "shape": "LineString",
                        "points": [
                            {
                                "coord": [
                                    121.71922287041447,
                                    38.81264611794261
                                ],
                                "spd": 1934123.1047485196
                            }
                        ]
                    }
                },
                {
                    "id": "a6",
                    "path": {
                        "shape": "LineString",
                        "points": [
                            {
                                "coord": [
                                    121.71483756594687,
                                    38.807793686477474
                                ],
                                "spd": 1934143.0004621863
                            }
                        ]
                    }
                },
                {
                    "id": "a7",
                    "path": {
                        "shape": "LineString",
                        "points": [
                            {
                                "coord": [
                                    121.71179640344292,
                                    38.803523596849374
                                ],
                                "spd": 1934142.9626358459
                            }
                        ]
                    }
                },
                {
                    "id": "a8",
                    "path": {
                        "shape": "LineString",
                        "points": [
                            {
                                "coord": [
                                    121.70865418833334,
                                    38.799261529815816
                                ],
                                "spd": 1934143.043553102
                            }
                        ]
                    }
                }
            ]
        }
    }
}