{
    "id": 1,
    "method": "stage_1",
    "content": {
        "arguments": {
            "vesPostion": {
                "a1": {
                    "coord": [
                        121.71176509529411,
                        38.83104233178065
                    ],
                    "spd": 20.00017105979312,
                    "course": 130.9214314466026
                },
                "a2": {
                    "coord": [
                        121.71522185401193,
                        38.826744397631266
                    ],
                    "spd": 20.000171059793217,
                    "course": 127.21187923634706
                },
                "a3": {
                    "coord": [
                        121.71744443922512,
                        38.82260252277344
                    ],
                    "spd": 20.00017105979321,
                    "course": 418.21971511313257
                },
                "a4": {
                    "coord": [
                        121.7157081670078,
                        38.81835258715771
                    ],
                    "spd": 20.000171059793136,
                    "course": 418.18907876280406
                },
                "a5": {
                    "coord": [
                        121.71925904340534,
                        38.81322671368486
                    ],
                    "spd": 20.00017105979323,
                    "course": 150.03074015768362
                },
                "a6": {
                    "coord": [
                        121.71602185000862,
                        38.80779670342208
                    ],
                    "spd": 20.00017105979319,
                    "course": 237.98691610793006
                },
                "a7": {
                    "coord": [
                        121.7129804933482,
                        38.80352774219998
                    ],
                    "spd": 20.000171059793125,
                    "course": 237.87855078469647
                },
                "a8": {
                    "coord": [
                        121.70983812287643,
                        38.799263357548035
                    ],
                    "spd": 20.000171059793104,
                    "course": 238.11036228404677
                }
            },
            "road": [
                {
                    "id": "a1",
                    "path": {
                        "shape": "LineString",
                        "points": [
                            {
                                "coord": [
                                    121.71158819765708,
                                    38.83131974372361
                                ],
                                "spd": 1934124.0038997903
                            }
                        ]
                    }
                },
                {
                    "id": "a2",
                    "path": {
                        "shape": "LineString",
                        "points": [
                            {
                                "coord": [
                                    121.71500879753611,
                                    38.82701557100522
                                ],
                                "spd": 1934124.429513524
                            }
                        ]
                    }
                },
                {
                    "id": "a3",
                    "path": {
                        "shape": "LineString",
                        "points": [
                            {
                                "coord": [
                                    121.71685197742089,
                                    38.82260220259884
                                ],
                                "spd": 1934143.109199664
                            }
                        ]
                    }
                },
                {
                    "id": "a4",
                    "path": {
                        "shape": "LineString",
                        "points": [
                            {
                                "coord": [
                                    121.71511579527262,
                                    38.81835210290648
                                ],
                                "spd": 1934143.1198938543
                            }
                        ]
                    }
                },
                {
                    "id": "a5",
                    "path": {
                        "shape": "LineString",
                        "points": [
                            {
                                "coord": [
                                    121.71927713046139,
                                    38.81351701701567
                                ],
                                "spd": 1934123.1047485196
                            }
                        ]
                    }
                },
                {
                    "id": "a6",
                    "path": {
                        "shape": "LineString",
                        "points": [
                            {
                                "coord": [
                                    121.71661399213475,
                                    38.807798207393226
                                ],
                                "spd": 1934143.0004621863
                            }
                        ]
                    }
                },
                {
                    "id": "a7",
                    "path": {
                        "shape": "LineString",
                        "points": [
                            {
                                "coord": [
                                    121.71357253843173,
                                    38.80352981037589
                                ],
                                "spd": 1934142.9626358459
                            }
                        ]
                    }
                },
                {
                    "id": "a8",
                    "path": {
                        "shape": "LineString",
                        "points": [
                            {
                                "coord": [
                                    121.71043009020565,
                                    38.79926426691585
                                ],
                                "spd": 1934143.043553102
                            }
                        ]
                    }
                }
            ]
        }
    }
}