{
    "id": 1,
    "method": "stage_1",
    "content": {
        "arguments": {
            "vesPostion": {
                "a1": {
                    "coord": [
                        121.71194198943853,
                        38.83076492289399
                    ],
                    "spd": 20.000171059793136,
                    "course": 130.92143144660264
                },
                "a2": {
                    "coord": [
                        121.71543490637565,
                        38.82647322704559
                    ],
                    "spd": 20.000171059793217,
                    "course": 127.21187923634706
                },
                "a3": {
                    "coord": [
                        121.71803690104278,
                        38.822602839943585
                    ],
                    "spd": 20.00017105979321,
                    "course": 418.21971511313257
                },
                "a4": {
                    "coord": [
                        121.71630053876338,
                        38.818353068405514
                    ],
                    "spd": 20.000171059793136,
                    "course": 418.18907876280406
                },
                "a5": {
                    "coord": [
                        121.71924095672304,
                        38.81293641399386
                    ],
                    "spd": 20.00017105979323,
                    "course": 150.03074015768362
                },
                "a6": {
                    "coord": [
                        121.71542970794596,
                        38.807795196450165
                    ],
                    "spd": 20.00017105979319,
                    "course": 237.98691610793006
                },
                "a7": {
                    "coord": [
                        121.71238844835186,
                        38.80352567102449
                    ],
                    "spd": 20.000171059793125,
                    "course": 237.87855078469647
                },
                "a8": {
                    "coord": [
                        121.70924615558565,
                        38.799262445181355
                    ],
                    "spd": 20.00017105979326,
                    "course": 238.11036228404586
                }
            },
            "road": [
                {
                    "id": "a1",
                    "path": {
                        "shape": "LineString",
                        "points": [
                            {
                                "coord": [
                                    121.71176509529411,
                                    38.83104233178065
                                ],
                                "spd": 1934124.0038997903
                            }
                        ]
                    }
                },
                {
                    "id": "a2",
                    "path": {
                        "shape": "LineString",
                        "points": [
                            {
                                "coord": [
                                    121.71522185401193,
                                    38.826744397631266
                                ],
                                "spd": 1934124.4295135236
                            }
                        ]
                    }
                },
                {
                    "id": "a3",
                    "path": {
                        "shape": "LineString",
                        "points": [
                            {
                                "coord": [
                                    121.71744443922512,
                                    38.82260252277344
                                ],
                                "spd": 1934143.109199664
                            }
                        ]
                    }
                },
                {
                    "id": "a4",
                    "path": {
                        "shape": "LineString",
                        "points": [
                            {
                                "coord": [
                                    121.7157081670078,
                                    38.81835258715771
                                ],
                                "spd": 1934143.1198938543
                            }
                        ]
                    }
                },
                {
                    "id": "a5",
                    "path": {
                        "shape": "LineString",
                        "points": [
                            {
                                "coord": [
                                    121.71925904340534,
                                    38.81322671368486
                                ],
                                "spd": 1934123.1047485196
                            }
                        ]
                    }
                },
                {
                    "id": "a6",
                    "path": {
                        "shape": "LineString",
                        "points": [
                            {
                                "coord": [
                                    121.71602185000862,
                                    38.80779670342208
                                ],
                                "spd": 1934143.000462186
                            }
                        ]
                    }
                },
                {
                    "id": "a7",
                    "path": {
                        "shape": "LineString",
                        "points": [
                            {
                                "coord": [
                                    121.7129804933482,
                                    38.80352774219998
                                ],
                                "spd": 1934142.9626358459
                            }
                        ]
                    }
                },
                {
                    "id": "a8",
                    "path": {
                        "shape": "LineString",
                        "points": [
                            {
                                "coord": [
                                    121.70983812287643,
                                    38.799263357548035
                                ],
                                "spd": 1934143.043553102
                            }
                        ]
                    }
                }
            ]
        }
    }
}