{
    "id": 1,
    "method": "stage_1",
    "content": {
        "arguments": {
            "vesPostion": {
                "a1": {
                    "coord": [
                        121.71158819765708,
                        38.83131974372361
                    ],
                    "spd": 20.00017105979323,
                    "course": 130.92143144660218
                },
                "a2": {
                    "coord": [
                        121.71500879753611,
                        38.82701557100522
                    ],
                    "spd": 20.000171059793217,
                    "course": 127.21187923634706
                },
                "a3": {
                    "coord": [
                        121.71685197742089,
                        38.82260220259884
                    ],
                    "spd": 20.00017105979321,
                    "course": 418.21971511313257
                },
                "a4": {
                    "coord": [
                        121.71511579527262,
                        38.81835210290648
                    ],
                    "spd": 20.000171059793136,
                    "course": 418.18907876280406
                },
                "a5": {
                    "coord": [
                        121.71927713046139,
                        38.81351701701567
                    ],
                    "spd": 20.00017105979323,
                    "course": 150.03074015768362
                },
                "a6": {
                    "coord": [
                        121.71661399213475,
                        38.807798207393226
                    ],
                    "spd": 20.00017105979319,
                    "course": 237.98691610793006
                },
                "a7": {
                    "coord": [
                        121.71357253843173,
                        38.80352981037589
                    ],
                    "spd": 20.000171059793114,
                    "course": 237.87855078469644
                },
                "a8": {
                    "coord": [
                        121.71043009020565,
                        38.79926426691585
                    ],
                    "spd": 20.000171059793242,
                    "course": 238.1103622840458
                }
            },
            "road": [
                {
                    "id": "a1",
                    "path": {
                        "shape": "LineString",
                        "points": [
                            {
                                "coord": [
                                    121.71158819765708,
                                    38.83131974372361
                                ],
                                "spd": 1934143.0953587806
                            }
                        ]
                    }
                },
                {
                    "id": "a2",
                    "path": {
                        "shape": "LineString",
                        "points": [
                            {
                                "coord": [
                                    121.71500879753611,
                                    38.82701557100522
                                ],
                                "spd": 1934143.0953587806
                            }
                        ]
                    }
                },
                {
                    "id": "a3",
                    "path": {
                        "shape": "LineString",
                        "points": [
                            {
                                "coord": [
                                    121.71625951563026,
                                    38.822601879419786
                                ],
                                "spd": 1934143.109199664
                            }
                        ]
                    }
                },
                {
                    "id": "a4",
                    "path": {
                        "shape": "LineString",
                        "points": [
                            {
                                "coord": [
                                    121.7145234235579,
                                    38.818351615651814
                                ],
                                "spd": 1934143.1198938538
                            }
                        ]
                    }
                },
                {
                    "id": "a5",
                    "path": {
                        "shape": "LineString",
                        "points": [
                            {
                                "coord": [
                                    121.7192952178912,
                                    38.813807323986346
                                ],
                                "spd": 1934123.1047485196
                            }
                        ]
                    }
                },
                {
                    "id": "a6",
                    "path": {
                        "shape": "LineString",
                        "points": [
                            {
                                "coord": [
                                    121.71720613432421,
                                    38.807799708363596
                                ],
                                "spd": 1934143.000462186
                            }
                        ]
                    }
                },
                {
                    "id": "a7",
                    "path": {
                        "shape": "LineString",
                        "points": [
                            {
                                "coord": [
                                    121.71416458360238,
                                    38.80353187555219
                                ],
                                "spd": 1934142.962635846
                            }
                        ]
                    }
                },
                {
                    "id": "a8",
                    "path": {
                        "shape": "LineString",
                        "points": [
                            {
                                "coord": [
                                    121.71043009020565,
                                    38.79926426691585
                                ],
                                "spd": 1934143.0953587806
                            }
                        ]
                    }
                }
            ]
        }
    }
}