{
    "id": 1,
    "method": "stage_1",
    "content": {
        "arguments": {
            "vesPostion": {
                "a1": {
                    "coord": [
                        121.71211888009043,
                        38.83048751706359
                    ],
                    "spd": 20.000171059793143,
                    "course": 130.9214314466027
                },
                "a2": {
                    "coord": [
                        121.7156479546274,
                        38.82620205924817
                    ],
                    "spd": 20.000171059793217,
                    "course": 127.21187923634706
                },
                "a3": {
                    "coord": [
                        121.71862936287374,
                        38.8226031541093
                    ],
                    "spd": 0.0,
                    "course": 90.0
                },
                "a4": {
                    "coord": [
                        121.71689291053916,
                        38.81835354664989
                    ],
                    "spd": 20.000171059793136,
                    "course": 418.18907876280406
                },
                "a5": {
                    "coord": [
                        121.71922287041447,
                        38.81264611794261
                    ],
                    "spd": 20.00017105979323,
                    "course": 150.03074015768362
                },
                "a6": {
                    "coord": [
                        121.71483756594687,
                        38.807793686477474
                    ],
                    "spd": 20.00017105979319,
                    "course": 237.98691610793006
                },
                "a7": {
                    "coord": [
                        121.71179640344292,
                        38.803523596849374
                    ],
                    "spd": 20.000171059793143,
                    "course": 237.8785507846965
                },
                "a8": {
                    "coord": [
                        121.70865418833334,
                        38.799261529815816
                    ],
                    "spd": 20.000171059793086,
                    "course": 238.11036228404672
                }
            },
            "road": [
                {
                    "id": "a1",
                    "path": {
                        "shape": "LineString",
                        "points": [
                            {
                                "coord": [
                                    121.71194198943853,
                                    38.83076492289399
                                ],
                                "spd": 1934124.0038997903
                            }
                        ]
                    }
                },
                {
                    "id": "a2",
                    "path": {
                        "shape": "LineString",
                        "points": [
                            {
                                "coord": [
                                    121.71543490637565,
                                    38.82647322704559
                                ],
                                "spd": 1934124.429513524
                            }
                        ]
                    }
                },
                {
                    "id": "a3",
                    "path": {
                        "shape": "LineString",
                        "points": [
                            {
                                "coord": [
                                    121.71862936287374,
                                    38.8226031541093
                                ],
                                "spd": 1934143.0953587806
                            }
                        ]
                    }
                },
                {
                    "id": "a4",
                    "path": {
                        "shape": "LineString",
                        "points": [
                            {
                                "coord": [
                                    121.71630053876338,
                                    38.818353068405514
                                ],
                                "spd": 1934143.1198938543
                            }
                        ]
                    }
                },
                {
                    "id": "a5",
                    "path": {
                        "shape": "LineString",
                        "points": [
                            {
                                "coord": [
                                    121.71924095672304,
                                    38.81293641399386
                                ],
                                "spd": 1934123.1047485196
                            }
                        ]
                    }
                },
                {
                    "id": "a6",
                    "path": {
                        "shape": "LineString",
                        "points": [
                            {
                                "coord": [
                                    121.71542970794596,
                                    38.807795196450165
                                ],
                                "spd": 1934143.0004621863
                            }
                        ]
                    }
                },
                {
                    "id": "a7",
                    "path": {
                        "shape": "LineString",
                        "points": [
                            {
                                "coord": [
                                    121.71238844835186,
                                    38.80352567102449
                                ],
                                "spd": 1934142.962635846
                            }
                        ]
                    }
                },
                {
                    "id": "a8",
                    "path": {
                        "shape": "LineString",
                        "points": [
                            {
                                "coord": [
                                    121.70924615558565,
                                    38.799262445181355
                                ],
                                "spd": 1934143.043553102
                            }
                        ]
                    }
                }
            ]
        }
    }
}