{
    "id": 1,
    "method": "stage_1",
    "content": {
        "arguments": {
            "vesPostion": {
                "a1": {
                    "coord": [
                        121.7126495310919,
                        38.829655317909676
                    ],
                    "spd": 20.000171059793143,
                    "course": 130.9214314466027
                },
                "a2": {
                    "coord": [
                        121.716287074712,
                        38.82538857258522
                    ],
                    "spd": 20.000171059793146,
                    "course": 127.21187923634722
                },
                "a3": {
                    "coord": [
                        121.71879527751905,
                        38.82202777681373
                    ],
                    "spd": 20.00017105979313,
                    "course": 140.23212613677256
                },
                "a4": {
                    "coord": [
                        121.7186700259866,
                        38.81835496336241
                    ],
                    "spd": 20.000171059793136,
                    "course": 418.18907876280406
                },
                "a5": {
                    "coord": [
                        121.71918669891855,
                        38.81206553675917
                    ],
                    "spd": 20.000171059793207,
                    "course": 238.08745110563882
                },
                "a6": {
                    "coord": [
                        121.71306114033233,
                        38.80778913855478
                    ],
                    "spd": 20.00017105979317,
                    "course": 237.98691610793003
                },
                "a7": {
                    "coord": [
                        121.71002026924143,
                        38.80351735632643
                    ],
                    "spd": 20.000171059793143,
                    "course": 237.8785507846965
                },
                "a8": {
                    "coord": [
                        121.70687828680879,
                        38.79925876572599
                    ],
                    "spd": 20.00017105979326,
                    "course": 238.11036228404586
                }
            },
            "road": [
                {
                    "id": "a1",
                    "path": {
                        "shape": "LineString",
                        "points": [
                            {
                                "coord": [
                                    121.71247265091702,
                                    38.82993271457146
                                ],
                                "spd": 1934124.0038997903
                            }
                        ]
                    }
                },
                {
                    "id": "a2",
                    "path": {
                        "shape": "LineString",
                        "points": [
                            {
                                "coord": [
                                    121.71607403879547,
                                    38.82565973201799
                                ],
                                "spd": 1934124.429513524
                            }
                        ]
                    }
                },
                {
                    "id": "a3",
                    "path": {
                        "shape": "LineString",
                        "points": [
                            {
                                "coord": [
                                    121.71871232104576,
                                    38.82231546370288
                                ],
                                "spd": 1934123.2911411645
                            }
                        ]
                    }
                },
                {
                    "id": "a4",
                    "path": {
                        "shape": "LineString",
                        "points": [
                            {
                                "coord": [
                                    121.7180776541509,
                                    38.818354494128336
                                ],
                                "spd": 1934143.1198938543
                            }
                        ]
                    }
                },
                {
                    "id": "a5",
                    "path": {
                        "shape": "LineString",
                        "points": [
                            {
                                "coord": [
                                    121.71918669891855,
                                    38.81206553675917
                                ],
                                "spd": 1934143.0953587806
                            }
                        ]
                    }
                },
                {
                    "id": "a6",
                    "path": {
                        "shape": "LineString",
                        "points": [
                            {
                                "coord": [
                                    121.71365328213993,
                                    38.807790657529786
                                ],
                                "spd": 1934143.0004621863
                            }
                        ]
                    }
                },
                {
                    "id": "a7",
                    "path": {
                        "shape": "LineString",
                        "points": [
                            {
                                "coord": [
                                    121.71061231388755,
                                    38.80351943950034
                                ],
                                "spd": 1934142.962635846
                            }
                        ]
                    }
                },
                {
                    "id": "a8",
                    "path": {
                        "shape": "LineString",
                        "points": [
                            {
                                "coord": [
                                    121.70747025394478,
                                    38.79925969008812
                                ],
                                "spd": 1934143.043553102
                            }
                        ]
                    }
                }
            ]
        }
    }
}