{
    "id": 1,
    "method": "stage_1",
    "content": {
        "arguments": {
            "vesPostion": {
                "a1": {
                    "coord": [
                        121.71282640777468,
                        38.82937792430404
                    ],
                    "spd": 20.000171059793143,
                    "course": 130.9214314466027
                },
                "a2": {
                    "coord": [
                        121.71650010651702,
                        38.82511741594062
                    ],
                    "spd": 20.000171059793146,
                    "course": 127.21187923634722
                },
                "a3": {
                    "coord": [
                        121.71887823229369,
                        38.821740093441775
                    ],
                    "spd": 20.000171059793196,
                    "course": 140.2321261367727
                },
                "a4": {
                    "coord": [
                        121.71926239784202,
                        38.81835542959304
                    ],
                    "spd": 0.0,
                    "course": 90.0
                },
                "a5": {
                    "coord": [
                        121.71859446228268,
                        38.812064555140566
                    ],
                    "spd": 20.00017105979315,
                    "course": 238.0874511056393
                },
                "a6": {
                    "coord": [
                        121.71246899858886,
                        38.80778761657901
                    ],
                    "spd": 20.00017105979317,
                    "course": 237.98691610793003
                },
                "a7": {
                    "coord": [
                        121.70942822468315,
                        38.80351527015292
                    ],
                    "spd": 20.000171059793143,
                    "course": 237.8785507846965
                },
                "a8": {
                    "coord": [
                        121.70628631971181,
                        38.79925783836498
                    ],
                    "spd": 20.000171059793075,
                    "course": 238.11036228404672
                }
            },
            "road": [
                {
                    "id": "a1",
                    "path": {
                        "shape": "LineString",
                        "points": [
                            {
                                "coord": [
                                    121.7126495310919,
                                    38.829655317909676
                                ],
                                "spd": 1934124.0038997903
                            }
                        ]
                    }
                },
                {
                    "id": "a2",
                    "path": {
                        "shape": "LineString",
                        "points": [
                            {
                                "coord": [
                                    121.716287074712,
                                    38.82538857258522
                                ],
                                "spd": 1934124.4295135236
                            }
                        ]
                    }
                },
                {
                    "id": "a3",
                    "path": {
                        "shape": "LineString",
                        "points": [
                            {
                                "coord": [
                                    121.71879527751905,
                                    38.82202777681373
                                ],
                                "spd": 1934123.291141164
                            }
                        ]
                    }
                },
                {
                    "id": "a4",
                    "path": {
                        "shape": "LineString",
                        "points": [
                            {
                                "coord": [
                                    121.71926239784202,
                                    38.81835542959304
                                ],
                                "spd": 1934143.0953587806
                            }
                        ]
                    }
                },
                {
                    "id": "a5",
                    "path": {
                        "shape": "LineString",
                        "points": [
                            {
                                "coord": [
                                    121.71918669891855,
                                    38.81206553675917
                                ],
                                "spd": 1934143.0355555546
                            }
                        ]
                    }
                },
                {
                    "id": "a6",
                    "path": {
                        "shape": "LineString",
                        "points": [
                            {
                                "coord": [
                                    121.71306114033233,
                                    38.80778913855478
                                ],
                                "spd": 1934143.000462186
                            }
                        ]
                    }
                },
                {
                    "id": "a7",
                    "path": {
                        "shape": "LineString",
                        "points": [
                            {
                                "coord": [
                                    121.71002026924143,
                                    38.80351735632643
                                ],
                                "spd": 1934142.9626358459
                            }
                        ]
                    }
                },
                {
                    "id": "a8",
                    "path": {
                        "shape": "LineString",
                        "points": [
                            {
                                "coord": [
                                    121.70687828680879,
                                    38.79925876572599
                                ],
                                "spd": 1934143.043553102
                            }
                        ]
                    }
                }
            ]
        }
    }
}