{
    "id": 1,
    "method": "stage_1",
    "content": {
        "arguments": {
            "vesPostion": {
                "a1": {
                    "coord": [
                        121.71247265091702,
                        38.82993271457146
                    ],
                    "spd": 20.000171059793143,
                    "course": 130.9214314466027
                },
                "a2": {
                    "coord": [
                        121.71607403879547,
                        38.82565973201799
                    ],
                    "spd": 20.000171059793146,
                    "course": 127.21187923634722
                },
                "a3": {
                    "coord": [
                        121.71871232104576,
                        38.82231546370288
                    ],
                    "spd": 20.00017105979313,
                    "course": 140.23212613677256
                },
                "a4": {
                    "coord": [
                        121.7180776541509,
                        38.818354494128336
                    ],
                    "spd": 20.000171059793136,
                    "course": 418.18907876280406
                },
                "a5": {
                    "coord": [
                        121.71918669891855,
                        38.81206553675917
                    ],
                    "spd": 0.0,
                    "course": 90.0
                },
                "a6": {
                    "coord": [
                        121.71365328213993,
                        38.807790657529786
                    ],
                    "spd": 20.00017105979317,
                    "course": 237.98691610793003
                },
                "a7": {
                    "coord": [
                        121.71061231388755,
                        38.80351943950034
                    ],
                    "spd": 20.000171059793143,
                    "course": 237.8785507846965
                },
                "a8": {
                    "coord": [
                        121.70747025394478,
                        38.79925969008812
                    ],
                    "spd": 20.000171059793086,
                    "course": 238.11036228404672
                }
            },
            "road": [
                {
                    "id": "a1",
                    "path": {
                        "shape": "LineString",
                        "points": [
                            {
                                "coord": [
                                    121.71229576724988,
                                    38.83021011428942
                                ],
                                "spd": 1934124.0038997903
                            }
                        ]
                    }
                },
                {
                    "id": "a2",
                    "path": {
                        "shape": "LineString",
                        "points": [
                            {
                                "coord": [
                                    121.7158609987673,
                                    38.825930894238965
                                ],
                                "spd": 1934124.4295135236
                            }
                        ]
                    }
                },
                {
                    "id": "a3",
                    "path": {
                        "shape": "LineString",
                        "points": [
                            {
                                "coord": [
                                    121.71862936287374,
                                    38.8226031541093
                                ],
                                "spd": 1934123.291141164
                            }
                        ]
                    }
                },
                {
                    "id": "a4",
                    "path": {
                        "shape": "LineString",
                        "points": [
                            {
                                "coord": [
                                    121.71748528233503,
                                    38.818354021890826
                                ],
                                "spd": 1934143.1198938543
                            }
                        ]
                    }
                },
                {
                    "id": "a5",
                    "path": {
                        "shape": "LineString",
                        "points": [
                            {
                                "coord": [
                                    121.71918669891855,
                                    38.81206553675917
                                ],
                                "spd": 1934143.0953587806
                            }
                        ]
                    }
                },
                {
                    "id": "a6",
                    "path": {
                        "shape": "LineString",
                        "points": [
                            {
                                "coord": [
                                    121.71424542401148,
                                    38.80779217350402
                                ],
                                "spd": 1934143.000462186
                            }
                        ]
                    }
                },
                {
                    "id": "a7",
                    "path": {
                        "shape": "LineString",
                        "points": [
                            {
                                "coord": [
                                    121.71120435862144,
                                    38.80352151967466
                                ],
                                "spd": 1934142.9626358459
                            }
                        ]
                    }
                },
                {
                    "id": "a8",
                    "path": {
                        "shape": "LineString",
                        "points": [
                            {
                                "coord": [
                                    121.70806222111968,
                                    38.79926061145141
                                ],
                                "spd": 1934143.043553102
                            }
                        ]
                    }
                }
            ]
        }
    }
}