{
    "id": 1,
    "method": "stage_1",
    "content": {
        "arguments": {
            "vesPostion": {
                "a1": {
                    "coord": [
                        121.70684721981654,
                        38.83129901741748
                    ],
                    "spd": 20.00017105979314,
                    "course": 417.7800785089281
                },
                "a2": {
                    "coord": [
                        121.71086100122083,
                        38.82700222609428
                    ],
                    "spd": 20.000171059793185,
                    "course": 417.9111992777912
                },
                "a3": {
                    "coord": [
                        121.71211228348616,
                        38.82259953304192
                    ],
                    "spd": 20.00017105979321,
                    "course": 418.21971511313257
                },
                "a4": {
                    "coord": [
                        121.71037682213901,
                        38.81834812077308
                    ],
                    "spd": 20.00017105979318,
                    "course": 418.18907876280383
                },
                "a5": {
                    "coord": [
                        121.71635189605865,
                        38.814095088554744
                    ],
                    "spd": 20.000171059793175,
                    "course": 418.18171733496183
                },
                "a6": {
                    "coord": [
                        121.71913707672564,
                        38.808672014924916
                    ],
                    "spd": 20.000171059793125,
                    "course": 153.27074803958504
                },
                "a7": {
                    "coord": [
                        121.71604056822306,
                        38.80484192200472
                    ],
                    "spd": 20.000171059793196,
                    "course": 173.98778084173588
                },
                "a8": {
                    "coord": [
                        121.71227128453052,
                        38.80108460054271
                    ],
                    "spd": 20.000171059793097,
                    "course": 174.66795214294774
                }
            },
            "road": [
                {
                    "id": "a1",
                    "path": {
                        "shape": "LineString",
                        "points": [
                            {
                                "coord": [
                                    121.70625459807914,
                                    38.83129641310229
                                ],
                                "spd": 1934143.262661148
                            }
                        ]
                    }
                },
                {
                    "id": "a2",
                    "path": {
                        "shape": "LineString",
                        "points": [
                            {
                                "coord": [
                                    121.71026845921243,
                                    38.82700030765758
                                ],
                                "spd": 1934143.216892179
                            }
                        ]
                    }
                },
                {
                    "id": "a3",
                    "path": {
                        "shape": "LineString",
                        "points": [
                            {
                                "coord": [
                                    121.71151982180858,
                                    38.8225991858273
                                ],
                                "spd": 1934143.109199664
                            }
                        ]
                    }
                },
                {
                    "id": "a4",
                    "path": {
                        "shape": "LineString",
                        "points": [
                            {
                                "coord": [
                                    121.70978445059272,
                                    38.818347609490985
                                ],
                                "spd": 1934143.1198938538
                            }
                        ]
                    }
                },
                {
                    "id": "a5",
                    "path": {
                        "shape": "LineString",
                        "points": [
                            {
                                "coord": [
                                    121.71575961419626,
                                    38.814094570339044
                                ],
                                "spd": 1934143.122463497
                            }
                        ]
                    }
                },
                {
                    "id": "a6",
                    "path": {
                        "shape": "LineString",
                        "points": [
                            {
                                "coord": [
                                    121.71918858399832,
                                    38.808961295999595
                                ],
                                "spd": 1934123.1716509056
                            }
                        ]
                    }
                },
                {
                    "id": "a7",
                    "path": {
                        "shape": "LineString",
                        "points": [
                            {
                                "coord": [
                                    121.71629737044205,
                                    38.80510352604342
                                ],
                                "spd": 1934125.0780321606
                            }
                        ]
                    }
                },
                {
                    "id": "a8",
                    "path": {
                        "shape": "LineString",
                        "points": [
                            {
                                "coord": [
                                    121.71253433176929,
                                    38.801344657532674
                                ],
                                "spd": 1934125.1823696478
                            }
                        ]
                    }
                }
            ]
        }
    }
}