{
    "id": 1,
    "method": "stage_1",
    "content": {
        "arguments": {
            "vesPostion": {
                "a1": {
                    "coord": [
                        121.70803246362051,
                        38.831304217029945
                    ],
                    "spd": 20.00017105979314,
                    "course": 417.7800785089281
                },
                "a2": {
                    "coord": [
                        121.71204608548001,
                        38.82700605395204
                    ],
                    "spd": 20.000171059793185,
                    "course": 417.9111992777912
                },
                "a3": {
                    "coord": [
                        121.7132972068849,
                        38.82260021845783
                    ],
                    "spd": 20.00017105979321,
                    "course": 418.21971511313257
                },
                "a4": {
                    "coord": [
                        121.711561565296,
                        38.81834913432701
                    ],
                    "spd": 20.00017105979318,
                    "course": 418.18907876280383
                },
                "a5": {
                    "coord": [
                        121.71753645984863,
                        38.81409611597888
                    ],
                    "spd": 20.000171059793175,
                    "course": 418.18171733496183
                },
                "a6": {
                    "coord": [
                        121.7190340653622,
                        38.8080934635602
                    ],
                    "spd": 20.000171059793125,
                    "course": 153.27074803958504
                },
                "a7": {
                    "coord": [
                        121.71552697813182,
                        38.80431872111088
                    ],
                    "spd": 20.000171059793196,
                    "course": 173.98778084173588
                },
                "a8": {
                    "coord": [
                        121.71174520466217,
                        38.800564493559534
                    ],
                    "spd": 20.000171059793097,
                    "course": 174.6679521429477
                }
            },
            "road": [
                {
                    "id": "a1",
                    "path": {
                        "shape": "LineString",
                        "points": [
                            {
                                "coord": [
                                    121.70743984166369,
                                    38.831301618726705
                                ],
                                "spd": 1934143.262661148
                            }
                        ]
                    }
                },
                {
                    "id": "a2",
                    "path": {
                        "shape": "LineString",
                        "points": [
                            {
                                "coord": [
                                    121.71145354331007,
                                    38.82700414152576
                                ],
                                "spd": 1934143.216892179
                            }
                        ]
                    }
                },
                {
                    "id": "a3",
                    "path": {
                        "shape": "LineString",
                        "points": [
                            {
                                "coord": [
                                    121.7127047451783,
                                    38.822599877252095
                                ],
                                "spd": 1934143.109199664
                            }
                        ]
                    }
                },
                {
                    "id": "a4",
                    "path": {
                        "shape": "LineString",
                        "points": [
                            {
                                "coord": [
                                    121.71096919370683,
                                    38.81834862905176
                                ],
                                "spd": 1934143.1198938543
                            }
                        ]
                    }
                },
                {
                    "id": "a5",
                    "path": {
                        "shape": "LineString",
                        "points": [
                            {
                                "coord": [
                                    121.7169441779428,
                                    38.81409560376803
                                ],
                                "spd": 1934143.1224634969
                            }
                        ]
                    }
                },
                {
                    "id": "a6",
                    "path": {
                        "shape": "LineString",
                        "points": [
                            {
                                "coord": [
                                    121.7190855705136,
                                    38.808382737445136
                                ],
                                "spd": 1934123.1716509052
                            }
                        ]
                    }
                },
                {
                    "id": "a7",
                    "path": {
                        "shape": "LineString",
                        "points": [
                            {
                                "coord": [
                                    121.71578377078636,
                                    38.80458032036054
                                ],
                                "spd": 1934125.0780321606
                            }
                        ]
                    }
                },
                {
                    "id": "a8",
                    "path": {
                        "shape": "LineString",
                        "points": [
                            {
                                "coord": [
                                    121.71200824216155,
                                    38.80082454588499
                                ],
                                "spd": 1934125.1823696478
                            }
                        ]
                    }
                }
            ]
        }
    }
}