{
    "id": 1,
    "method": "stage_1",
    "content": {
        "arguments": {
            "vesPostion": {
                "a1": {
                    "coord": [
                        121.70862508568686,
                        38.8313068123272
                    ],
                    "spd": 20.00017105979314,
                    "course": 417.7800785089281
                },
                "a2": {
                    "coord": [
                        121.71263862773057,
                        38.827007963373106
                    ],
                    "spd": 20.000171059793185,
                    "course": 417.9111992777912
                },
                "a3": {
                    "coord": [
                        121.71388966860582,
                        38.82260055665911
                    ],
                    "spd": 20.00017105979321,
                    "course": 418.21971511313257
                },
                "a4": {
                    "coord": [
                        121.7121539369064,
                        38.818349636598825
                    ],
                    "spd": 20.000171059793136,
                    "course": 418.18907876280406
                },
                "a5": {
                    "coord": [
                        121.718128741776,
                        38.814096625187325
                    ],
                    "spd": 20.000171059793175,
                    "course": 418.18171733496183
                },
                "a6": {
                    "coord": [
                        121.71898256127135,
                        38.80780419327004
                    ],
                    "spd": 0.0,
                    "course": 90.0
                },
                "a7": {
                    "coord": [
                        121.71527019025935,
                        38.80405712425572
                    ],
                    "spd": 20.000171059793196,
                    "course": 173.98778084173588
                },
                "a8": {
                    "coord": [
                        121.71148217203235,
                        38.80030444356631
                    ],
                    "spd": 20.000171059793097,
                    "course": 174.66795214294768
                }
            },
            "road": [
                {
                    "id": "a1",
                    "path": {
                        "shape": "LineString",
                        "points": [
                            {
                                "coord": [
                                    121.70803246362051,
                                    38.831304217029945
                                ],
                                "spd": 1934143.2626611486
                            }
                        ]
                    }
                },
                {
                    "id": "a2",
                    "path": {
                        "shape": "LineString",
                        "points": [
                            {
                                "coord": [
                                    121.71204608548001,
                                    38.82700605395204
                                ],
                                "spd": 1934143.216892179
                            }
                        ]
                    }
                },
                {
                    "id": "a3",
                    "path": {
                        "shape": "LineString",
                        "points": [
                            {
                                "coord": [
                                    121.7132972068849,
                                    38.82260021845783
                                ],
                                "spd": 1934143.109199664
                            }
                        ]
                    }
                },
                {
                    "id": "a4",
                    "path": {
                        "shape": "LineString",
                        "points": [
                            {
                                "coord": [
                                    121.711561565296,
                                    38.81834913432701
                                ],
                                "spd": 1934143.1198938543
                            }
                        ]
                    }
                },
                {
                    "id": "a5",
                    "path": {
                        "shape": "LineString",
                        "points": [
                            {
                                "coord": [
                                    121.71753645984863,
                                    38.81409611597888
                                ],
                                "spd": 1934143.122463497
                            }
                        ]
                    }
                },
                {
                    "id": "a6",
                    "path": {
                        "shape": "LineString",
                        "points": [
                            {
                                "coord": [
                                    121.71898256127135,
                                    38.80780419327004
                                ],
                                "spd": 1934143.0953587806
                            }
                        ]
                    }
                },
                {
                    "id": "a7",
                    "path": {
                        "shape": "LineString",
                        "points": [
                            {
                                "coord": [
                                    121.71552697813182,
                                    38.80431872111088
                                ],
                                "spd": 1934125.0780321606
                            }
                        ]
                    }
                },
                {
                    "id": "a8",
                    "path": {
                        "shape": "LineString",
                        "points": [
                            {
                                "coord": [
                                    121.71174520466217,
                                    38.800564493559534
                                ],
                                "spd": 1934125.1823696478
                            }
                        ]
                    }
                }
            ]
        }
    }
}