{
    "id": 1,
    "method": "stage_1",
    "content": {
        "arguments": {
            "vesPostion": {
                "a1": {
                    "coord": [
                        121.70921770786259,
                        38.83130940461846
                    ],
                    "spd": 20.00017105979314,
                    "course": 417.7800785089281
                },
                "a2": {
                    "coord": [
                        121.71323117006158,
                        38.82700986978896
                    ],
                    "spd": 20.000171059793185,
                    "course": 417.9111992777912
                },
                "a3": {
                    "coord": [
                        121.71448213034097,
                        38.82260089185594
                    ],
                    "spd": 20.00017105979321,
                    "course": 418.21971511313257
                },
                "a4": {
                    "coord": [
                        121.71274630853793,
                        38.81835013586723
                    ],
                    "spd": 20.000171059793136,
                    "course": 418.18907876280406
                },
                "a5": {
                    "coord": [
                        121.71872102372474,
                        38.814097131393325
                    ],
                    "spd": 20.000171059793175,
                    "course": 418.18171733496183
                },
                "a6": {
                    "coord": [
                        121.71898256127135,
                        38.80780419327004
                    ],
                    "spd": 20.000171059793207,
                    "course": 237.9869161079301
                },
                "a7": {
                    "coord": [
                        121.71501340716877,
                        38.80379552979504
                    ],
                    "spd": 20.000171059793196,
                    "course": 173.98778084173588
                },
                "a8": {
                    "coord": [
                        121.7112191442719,
                        38.80004439590533
                    ],
                    "spd": 20.000171059793097,
                    "course": 174.66795214294768
                }
            },
            "road": [
                {
                    "id": "a1",
                    "path": {
                        "shape": "LineString",
                        "points": [
                            {
                                "coord": [
                                    121.70862508568686,
                                    38.8313068123272
                                ],
                                "spd": 1934143.262661148
                            }
                        ]
                    }
                },
                {
                    "id": "a2",
                    "path": {
                        "shape": "LineString",
                        "points": [
                            {
                                "coord": [
                                    121.71263862773057,
                                    38.827007963373106
                                ],
                                "spd": 1934143.216892179
                            }
                        ]
                    }
                },
                {
                    "id": "a3",
                    "path": {
                        "shape": "LineString",
                        "points": [
                            {
                                "coord": [
                                    121.71388966860582,
                                    38.82260055665911
                                ],
                                "spd": 1934143.109199664
                            }
                        ]
                    }
                },
                {
                    "id": "a4",
                    "path": {
                        "shape": "LineString",
                        "points": [
                            {
                                "coord": [
                                    121.7121539369064,
                                    38.818349636598825
                                ],
                                "spd": 1934143.1198938543
                            }
                        ]
                    }
                },
                {
                    "id": "a5",
                    "path": {
                        "shape": "LineString",
                        "points": [
                            {
                                "coord": [
                                    121.718128741776,
                                    38.814096625187325
                                ],
                                "spd": 1934143.122463497
                            }
                        ]
                    }
                },
                {
                    "id": "a6",
                    "path": {
                        "shape": "LineString",
                        "points": [
                            {
                                "coord": [
                                    121.71898256127135,
                                    38.80780419327004
                                ],
                                "spd": 1934143.0953587806
                            }
                        ]
                    }
                },
                {
                    "id": "a7",
                    "path": {
                        "shape": "LineString",
                        "points": [
                            {
                                "coord": [
                                    121.71527019025935,
                                    38.80405712425572
                                ],
                                "spd": 1934125.0780321606
                            }
                        ]
                    }
                },
                {
                    "id": "a8",
                    "path": {
                        "shape": "LineString",
                        "points": [
                            {
                                "coord": [
                                    121.71148217203235,
                                    38.80030444356631
                                ],
                                "spd": 1934125.1823696478
                            }
                        ]
                    }
                }
            ]
        }
    }
}