{
    "id": 1,
    "method": "stage_1",
    "content": {
        "arguments": {
            "vesPostion": {
                "a1": {
                    "coord": [
                        121.70506935493425,
                        38.83129119545394
                    ],
                    "spd": 20.00017105979314,
                    "course": 417.7800785089281
                },
                "a2": {
                    "coord": [
                        121.70908337543871,
                        38.82699646176857
                    ],
                    "spd": 20.000171059793185,
                    "course": 417.9111992777912
                },
                "a3": {
                    "coord": [
                        121.71033489849768,
                        38.822598482384706
                    ],
                    "spd": 20.000171059793136,
                    "course": 418.21971511313245
                },
                "a4": {
                    "coord": [
                        121.7085997075651,
                        38.81834657791649
                    ],
                    "spd": 20.00017105979318,
                    "course": 418.18907876280383
                },
                "a5": {
                    "coord": [
                        121.71457505053738,
                        38.81409352490037
                    ],
                    "spd": 20.00017105979314,
                    "course": 418.1817173349618
                },
                "a6": {
                    "coord": [
                        121.71929160172569,
                        38.80953986893378
                    ],
                    "spd": 20.000171059793107,
                    "course": 153.27074803958516
                },
                "a7": {
                    "coord": [
                        121.71681098922743,
                        38.80562674130436
                    ],
                    "spd": 20.000171059793193,
                    "course": 173.9877808417359
                },
                "a8": {
                    "coord": [
                        121.71194232006225,
                        38.80134383688997
                    ],
                    "spd": 20.0001710597931,
                    "course": 418.12578647576794
                }
            },
            "road": [
                {
                    "id": "a1",
                    "path": {
                        "shape": "LineString",
                        "points": [
                            {
                                "coord": [
                                    121.70447673352697,
                                    38.831288582120806
                                ],
                                "spd": 1934143.262661148
                            }
                        ]
                    }
                },
                {
                    "id": "a2",
                    "path": {
                        "shape": "LineString",
                        "points": [
                            {
                                "coord": [
                                    121.70849083367361,
                                    38.82699453431626
                                ],
                                "spd": 1934143.216892179
                            }
                        ]
                    }
                },
                {
                    "id": "a3",
                    "path": {
                        "shape": "LineString",
                        "points": [
                            {
                                "coord": [
                                    121.70974243686462,
                                    38.822598126156755
                                ],
                                "spd": 1934143.109199664
                            }
                        ]
                    }
                },
                {
                    "id": "a4",
                    "path": {
                        "shape": "LineString",
                        "points": [
                            {
                                "coord": [
                                    121.70800733608404,
                                    38.818346057624105
                                ],
                                "spd": 1934143.1198938543
                            }
                        ]
                    }
                },
                {
                    "id": "a5",
                    "path": {
                        "shape": "LineString",
                        "points": [
                            {
                                "coord": [
                                    121.71398276874109,
                                    38.81409299767742
                                ],
                                "spd": 1934143.122463497
                            }
                        ]
                    }
                },
                {
                    "id": "a6",
                    "path": {
                        "shape": "LineString",
                        "points": [
                            {
                                "coord": [
                                    121.71934311218047,
                                    38.80982916079343
                                ],
                                "spd": 1934123.1716509056
                            }
                        ]
                    }
                },
                {
                    "id": "a7",
                    "path": {
                        "shape": "LineString",
                        "points": [
                            {
                                "coord": [
                                    121.71681098922743,
                                    38.80562674130436
                                ],
                                "spd": 1934143.0953587806
                            }
                        ]
                    }
                },
                {
                    "id": "a8",
                    "path": {
                        "shape": "LineString",
                        "points": [
                            {
                                "coord": [
                                    121.71135030838987,
                                    38.80134301324789
                                ],
                                "spd": 1934143.1419871831
                            }
                        ]
                    }
                }
            ]
        }
    }
}