{
    "id": 1,
    "method": "stage_1",
    "content": {
        "arguments": {
            "vesPostion": {
                "a1": {
                    "coord": [
                        121.69914314583977,
                        38.83126492685395
                    ],
                    "spd": 20.00017105979314,
                    "course": 417.7800785089281
                },
                "a2": {
                    "coord": [
                        121.70315796146377,
                        38.82697705201151
                    ],
                    "spd": 20.00017105979316,
                    "course": 417.9111992777913
                },
                "a3": {
                    "coord": [
                        121.70441028286099,
                        38.82259478490512
                    ],
                    "spd": 20.000171059793086,
                    "course": 418.2197151131326
                },
                "a4": {
                    "coord": [
                        121.70267599375975,
                        38.818341239838425
                    ],
                    "spd": 20.00017105979318,
                    "course": 418.18907876280383
                },
                "a5": {
                    "coord": [
                        121.70865223359294,
                        38.81408811756188
                    ],
                    "spd": 20.00017105979314,
                    "course": 418.1817173349618
                },
                "a6": {
                    "coord": [
                        121.71460557488963,
                        38.8098256087377
                    ],
                    "spd": 20.000171059793118,
                    "course": 418.19542154340485
                },
                "a7": {
                    "coord": [
                        121.71148208431846,
                        38.80561753107196
                    ],
                    "spd": 20.00017105979322,
                    "course": 418.08390410545746
                },
                "a8": {
                    "coord": [
                        121.70602220491844,
                        38.801335465497516
                    ],
                    "spd": 20.000171059793093,
                    "course": 418.12578647576794
                }
            },
            "road": [
                {
                    "id": "a1",
                    "path": {
                        "shape": "LineString",
                        "points": [
                            {
                                "coord": [
                                    121.6985505255411,
                                    38.83126228346116
                                ],
                                "spd": 1934143.2626611486
                            }
                        ]
                    }
                },
                {
                    "id": "a2",
                    "path": {
                        "shape": "LineString",
                        "points": [
                            {
                                "coord": [
                                    121.7025654205179,
                                    38.826975094507226
                                ],
                                "spd": 1934143.216892179
                            }
                        ]
                    }
                },
                {
                    "id": "a3",
                    "path": {
                        "shape": "LineString",
                        "points": [
                            {
                                "coord": [
                                    121.70381782138448,
                                    38.822594398632724
                                ],
                                "spd": 1934143.109199664
                            }
                        ]
                    }
                },
                {
                    "id": "a4",
                    "path": {
                        "shape": "LineString",
                        "points": [
                            {
                                "coord": [
                                    121.7020836225044,
                                    38.81834068951179
                                ],
                                "spd": 1934143.1198938543
                            }
                        ]
                    }
                },
                {
                    "id": "a5",
                    "path": {
                        "shape": "LineString",
                        "points": [
                            {
                                "coord": [
                                    121.70805995202528,
                                    38.81408756031474
                                ],
                                "spd": 1934143.122463497
                            }
                        ]
                    }
                },
                {
                    "id": "a6",
                    "path": {
                        "shape": "LineString",
                        "points": [
                            {
                                "coord": [
                                    121.71401338281345,
                                    38.80982515122436
                                ],
                                "spd": 1934143.117679789
                            }
                        ]
                    }
                },
                {
                    "id": "a7",
                    "path": {
                        "shape": "LineString",
                        "points": [
                            {
                                "coord": [
                                    121.71088998398984,
                                    38.80561649271104
                                ],
                                "spd": 1934143.1566069594
                            }
                        ]
                    }
                },
                {
                    "id": "a8",
                    "path": {
                        "shape": "LineString",
                        "points": [
                            {
                                "coord": [
                                    121.70543019359948,
                                    38.80133461186174
                                ],
                                "spd": 1934143.1419871831
                            }
                        ]
                    }
                }
            ]
        }
    }
}