{
    "id": 1,
    "method": "stage_1",
    "content": {
        "arguments": {
            "vesPostion": {
                "a1": {
                    "coord": [
                        121.70151362814751,
                        38.83127547036554
                    ],
                    "spd": 20.00017105979314,
                    "course": 417.7800785089281
                },
                "a2": {
                    "coord": [
                        121.70552812607094,
                        38.8269848519767
                    ],
                    "spd": 20.00017105979316,
                    "course": 417.9111992777913
                },
                "a3": {
                    "coord": [
                        121.70678012892806,
                        38.822596299950284
                    ],
                    "spd": 20.000171059793136,
                    "course": 418.21971511313245
                },
                "a4": {
                    "coord": [
                        121.70504547901129,
                        38.81834341111077
                    ],
                    "spd": 20.00017105979318,
                    "course": 418.18907876280383
                },
                "a5": {
                    "coord": [
                        121.71102136009662,
                        38.814090316526304
                    ],
                    "spd": 20.00017105979314,
                    "course": 418.1817173349618
                },
                "a6": {
                    "coord": [
                        121.7169743433853,
                        38.809827408776904
                    ],
                    "spd": 20.000171059793118,
                    "course": 418.19542154340485
                },
                "a7": {
                    "coord": [
                        121.71385048606867,
                        38.80562165451214
                    ],
                    "spd": 20.00017105979322,
                    "course": 418.08390410545746
                },
                "a8": {
                    "coord": [
                        121.70839025055207,
                        38.80133885004693
                    ],
                    "spd": 20.00017105979311,
                    "course": 418.12578647576794
                }
            },
            "road": [
                {
                    "id": "a1",
                    "path": {
                        "shape": "LineString",
                        "points": [
                            {
                                "coord": [
                                    121.70092100740386,
                                    38.83127283899659
                                ],
                                "spd": 1934143.262661148
                            }
                        ]
                    }
                },
                {
                    "id": "a2",
                    "path": {
                        "shape": "LineString",
                        "points": [
                            {
                                "coord": [
                                    121.70493558479585,
                                    38.826982906493186
                                ],
                                "spd": 1934143.216892179
                            }
                        ]
                    }
                },
                {
                    "id": "a3",
                    "path": {
                        "shape": "LineString",
                        "points": [
                            {
                                "coord": [
                                    121.7061876673874,
                                    38.822595925695644
                                ],
                                "spd": 1934143.109199664
                            }
                        ]
                    }
                },
                {
                    "id": "a4",
                    "path": {
                        "shape": "LineString",
                        "points": [
                            {
                                "coord": [
                                    121.70445310766412,
                                    38.818342872797814
                                ],
                                "spd": 1934143.1198938543
                            }
                        ]
                    }
                },
                {
                    "id": "a5",
                    "path": {
                        "shape": "LineString",
                        "points": [
                            {
                                "coord": [
                                    121.71042907843602,
                                    38.81408977128882
                                ],
                                "spd": 1934143.122463497
                            }
                        ]
                    }
                },
                {
                    "id": "a6",
                    "path": {
                        "shape": "LineString",
                        "points": [
                            {
                                "coord": [
                                    121.71638215123299,
                                    38.809826963269224
                                ],
                                "spd": 1934143.117679789
                            }
                        ]
                    }
                },
                {
                    "id": "a7",
                    "path": {
                        "shape": "LineString",
                        "points": [
                            {
                                "coord": [
                                    121.71325838556602,
                                    38.80562062815263
                                ],
                                "spd": 1934143.1566069594
                            }
                        ]
                    }
                },
                {
                    "id": "a8",
                    "path": {
                        "shape": "LineString",
                        "points": [
                            {
                                "coord": [
                                    121.70779823909024,
                                    38.80133800840863
                                ],
                                "spd": 1934143.1419871831
                            }
                        ]
                    }
                }
            ]
        }
    }
}