{
    "id": 1,
    "method": "stage_1",
    "content": {
        "arguments": {
            "vesPostion": {
                "a1": {
                    "coord": [
                        121.70032838677129,
                        38.83127020462167
                    ],
                    "spd": 20.00017105979314,
                    "course": 417.7800785089281
                },
                "a2": {
                    "coord": [
                        121.70434304360288,
                        38.82698095800449
                    ],
                    "spd": 20.00017105979316,
                    "course": 417.9111992777913
                },
                "a3": {
                    "coord": [
                        121.70559520586256,
                        38.82259554843658
                    ],
                    "spd": 20.000171059793136,
                    "course": 418.21971511313245
                },
                "a4": {
                    "coord": [
                        121.70386073633973,
                        38.81834233148144
                    ],
                    "spd": 20.00017105979318,
                    "course": 418.18907876280383
                },
                "a5": {
                    "coord": [
                        121.70983679679844,
                        38.814089223048924
                    ],
                    "spd": 20.00017105979314,
                    "course": 418.1817173349618
                },
                "a6": {
                    "coord": [
                        121.71578995909952,
                        38.80982651476013
                    ],
                    "spd": 20.00017105979321,
                    "course": 418.19542154340445
                },
                "a7": {
                    "coord": [
                        121.71266628510666,
                        38.80561959879276
                    ],
                    "spd": 20.00017105979322,
                    "course": 418.08390410545746
                },
                "a8": {
                    "coord": [
                        121.70720622766393,
                        38.80133716377095
                    ],
                    "spd": 20.00017105979311,
                    "course": 418.12578647576794
                }
            },
            "road": [
                {
                    "id": "a1",
                    "path": {
                        "shape": "LineString",
                        "points": [
                            {
                                "coord": [
                                    121.69973576624987,
                                    38.831267567240786
                                ],
                                "spd": 1934143.2626611486
                            }
                        ]
                    }
                },
                {
                    "id": "a2",
                    "path": {
                        "shape": "LineString",
                        "points": [
                            {
                                "coord": [
                                    121.70375050249216,
                                    38.82697900651059
                                ],
                                "spd": 1934143.216892179
                            }
                        ]
                    }
                },
                {
                    "id": "a3",
                    "path": {
                        "shape": "LineString",
                        "points": [
                            {
                                "coord": [
                                    121.70500274435373,
                                    38.82259516817308
                                ],
                                "spd": 1934143.109199664
                            }
                        ]
                    }
                },
                {
                    "id": "a4",
                    "path": {
                        "shape": "LineString",
                        "points": [
                            {
                                "coord": [
                                    121.70326836503826,
                                    38.81834178716165
                                ],
                                "spd": 1934143.1198938543
                            }
                        ]
                    }
                },
                {
                    "id": "a5",
                    "path": {
                        "shape": "LineString",
                        "points": [
                            {
                                "coord": [
                                    121.70924451518404,
                                    38.8140886718066
                                ],
                                "spd": 1934143.1224634969
                            }
                        ]
                    }
                },
                {
                    "id": "a6",
                    "path": {
                        "shape": "LineString",
                        "points": [
                            {
                                "coord": [
                                    121.71519776698504,
                                    38.80982606324962
                                ],
                                "spd": 1934143.117679789
                            }
                        ]
                    }
                },
                {
                    "id": "a7",
                    "path": {
                        "shape": "LineString",
                        "points": [
                            {
                                "coord": [
                                    121.71207418469078,
                                    38.805618566432535
                                ],
                                "spd": 1934143.1566069599
                            }
                        ]
                    }
                },
                {
                    "id": "a8",
                    "path": {
                        "shape": "LineString",
                        "points": [
                            {
                                "coord": [
                                    121.70661421627327,
                                    38.80133631613392
                                ],
                                "spd": 1934143.1419871831
                            }
                        ]
                    }
                }
            ]
        }
    }
}