{
    "id": 1,
    "method": "stage_1",
    "content": {
        "arguments": {
            "vesPostion": {
                "a1": {
                    "coord": [
                        121.69795790535397,
                        38.8312596370624
                    ],
                    "spd": 20.00017105979314,
                    "course": 417.7800785089281
                },
                "a2": {
                    "coord": [
                        121.70197287965466,
                        38.82697313399776
                    ],
                    "spd": 20.00017105979316,
                    "course": 417.9111992777913
                },
                "a3": {
                    "coord": [
                        121.7032253599243,
                        38.82259400935588
                    ],
                    "spd": 20.000171059793086,
                    "course": 418.2197151131326
                },
                "a4": {
                    "coord": [
                        121.70149125127233,
                        38.818340136181725
                    ],
                    "spd": 20.00017105979318,
                    "course": 418.18907876280383
                },
                "a5": {
                    "coord": [
                        121.70746767048118,
                        38.814087000065165
                    ],
                    "spd": 20.00017105979314,
                    "course": 418.1817173349618
                },
                "a6": {
                    "coord": [
                        121.71342119075662,
                        38.809824690709604
                    ],
                    "spd": 20.00017105979321,
                    "course": 418.19542154340445
                },
                "a7": {
                    "coord": [
                        121.71029788370507,
                        38.80561545134976
                    ],
                    "spd": 20.00017105979322,
                    "course": 418.08390410545746
                },
                "a8": {
                    "coord": [
                        121.70483818231658,
                        38.801333755226594
                    ],
                    "spd": 20.00017105979311,
                    "course": 418.12578647576794
                }
            },
            "road": [
                {
                    "id": "a1",
                    "path": {
                        "shape": "LineString",
                        "points": [
                            {
                                "coord": [
                                    121.69736528527854,
                                    38.831256987657696
                                ],
                                "spd": 1934143.2626611486
                            }
                        ]
                    }
                },
                {
                    "id": "a2",
                    "path": {
                        "shape": "LineString",
                        "points": [
                            {
                                "coord": [
                                    121.70138033887413,
                                    38.826971170483105
                                ],
                                "spd": 1934143.216892179
                            }
                        ]
                    }
                },
                {
                    "id": "a3",
                    "path": {
                        "shape": "LineString",
                        "points": [
                            {
                                "coord": [
                                    121.7026328984806,
                                    38.822593617074595
                                ],
                                "spd": 1934143.109199664
                            }
                        ]
                    }
                },
                {
                    "id": "a4",
                    "path": {
                        "shape": "LineString",
                        "points": [
                            {
                                "coord": [
                                    121.70089888006363,
                                    38.818339579848235
                                ],
                                "spd": 1934143.1198938543
                            }
                        ]
                    }
                },
                {
                    "id": "a5",
                    "path": {
                        "shape": "LineString",
                        "points": [
                            {
                                "coord": [
                                    121.70687538896074,
                                    38.81408643681319
                                ],
                                "spd": 1934143.1224634969
                            }
                        ]
                    }
                },
                {
                    "id": "a6",
                    "path": {
                        "shape": "LineString",
                        "points": [
                            {
                                "coord": [
                                    121.71282899871926,
                                    38.80982422719343
                                ],
                                "spd": 1934143.117679789
                            }
                        ]
                    }
                },
                {
                    "id": "a7",
                    "path": {
                        "shape": "LineString",
                        "points": [
                            {
                                "coord": [
                                    121.70970578346424,
                                    38.805614406988134
                                ],
                                "spd": 1934143.1566069594
                            }
                        ]
                    }
                },
                {
                    "id": "a8",
                    "path": {
                        "shape": "LineString",
                        "points": [
                            {
                                "coord": [
                                    121.70424617106983,
                                    38.80133289559209
                                ],
                                "spd": 1934143.141987183
                            }
                        ]
                    }
                }
            ]
        }
    }
}