{
    "id": 1,
    "method": "stage_1",
    "content": {
        "arguments": {
            "vesPostion": {
                "a1": {
                    "coord": [
                        121.68729076120661,
                        38.831211487868636
                    ],
                    "spd": 20.000171059793313,
                    "course": 417.7800785089283
                },
                "a2": {
                    "coord": [
                        121.69130715838835,
                        38.82693733094164
                    ],
                    "spd": 20.00017105979316,
                    "course": 417.9111992777913
                },
                "a3": {
                    "coord": [
                        121.69256105658198,
                        38.82258648861344
                    ],
                    "spd": 20.000171059793136,
                    "course": 418.21971511313245
                },
                "a4": {
                    "coord": [
                        121.69082857321798,
                        38.81832966265562
                    ],
                    "spd": 20.00017105979318,
                    "course": 418.18907876280383
                },
                "a5": {
                    "coord": [
                        121.69680660685968,
                        38.81407640216035
                    ],
                    "spd": 20.00017105979314,
                    "course": 418.1817173349618
                },
                "a6": {
                    "coord": [
                        121.70276173718666,
                        38.809815888202294
                    ],
                    "spd": 20.000171059793118,
                    "course": 418.19542154340485
                },
                "a7": {
                    "coord": [
                        121.69964008621801,
                        38.805596193787544
                    ],
                    "spd": 20.00017105979322,
                    "course": 418.08390410545746
                },
                "a8": {
                    "coord": [
                        121.69418198553103,
                        38.80131782290313
                    ],
                    "spd": 20.000171059793296,
                    "course": 418.1257864757671
                }
            },
            "road": [
                {
                    "id": "a1",
                    "path": {
                        "shape": "LineString",
                        "points": [
                            {
                                "coord": [
                                    121.68669814316316,
                                    38.83120878435709
                                ],
                                "spd": 1934143.262661148
                            }
                        ]
                    }
                },
                {
                    "id": "a2",
                    "path": {
                        "shape": "LineString",
                        "points": [
                            {
                                "coord": [
                                    121.69071461911895,
                                    38.826935313333856
                                ],
                                "spd": 1934143.216892179
                            }
                        ]
                    }
                },
                {
                    "id": "a3",
                    "path": {
                        "shape": "LineString",
                        "points": [
                            {
                                "coord": [
                                    121.69196859545656,
                                    38.82258604225225
                                ],
                                "spd": 1934143.109199664
                            }
                        ]
                    }
                },
                {
                    "id": "a4",
                    "path": {
                        "shape": "LineString",
                        "points": [
                            {
                                "coord": [
                                    121.69023620245206,
                                    38.81832905226059
                                ],
                                "spd": 1934143.1198938543
                            }
                        ]
                    }
                },
                {
                    "id": "a5",
                    "path": {
                        "shape": "LineString",
                        "points": [
                            {
                                "coord": [
                                    121.69621432578722,
                                    38.814075784864954
                                ],
                                "spd": 1934143.1224634969
                            }
                        ]
                    }
                },
                {
                    "id": "a6",
                    "path": {
                        "shape": "LineString",
                        "points": [
                            {
                                "coord": [
                                    121.7021695455215,
                                    38.80981537066071
                                ],
                                "spd": 1934143.117679789
                            }
                        ]
                    }
                },
                {
                    "id": "a7",
                    "path": {
                        "shape": "LineString",
                        "points": [
                            {
                                "coord": [
                                    121.69904798679,
                                    38.80559509541974
                                ],
                                "spd": 1934143.1566069594
                            }
                        ]
                    }
                },
                {
                    "id": "a8",
                    "path": {
                        "shape": "LineString",
                        "points": [
                            {
                                "coord": [
                                    121.69358997495688,
                                    38.80131690928014
                                ],
                                "spd": 1934143.1419871831
                            }
                        ]
                    }
                }
            ]
        }
    }
}