{
    "id": 1,
    "method": "stage_1",
    "content": {
        "arguments": {
            "vesPostion": {
                "a1": {
                    "coord": [
                        121.69084647185615,
                        38.83122764581355
                    ],
                    "spd": 20.000171059793267,
                    "course": 417.78007850892845
                },
                "a2": {
                    "coord": [
                        121.69486239578599,
                        38.82694937347993
                    ],
                    "spd": 20.00017105979316,
                    "course": 417.9111992777913
                },
                "a3": {
                    "coord": [
                        121.69611582372389,
                        38.82258910368739
                    ],
                    "spd": 20.000171059793136,
                    "course": 418.21971511313245
                },
                "a4": {
                    "coord": [
                        121.69438279834831,
                        38.81833326195407
                    ],
                    "spd": 20.00017105979318,
                    "course": 418.18907876280383
                },
                "a5": {
                    "coord": [
                        121.70036029383535,
                        38.814080042882104
                    ],
                    "spd": 20.00017105979314,
                    "course": 418.1817173349618
                },
                "a6": {
                    "coord": [
                        121.70631488762996,
                        38.809818930422225
                    ],
                    "spd": 20.00017105979321,
                    "course": 418.19542154340445
                },
                "a7": {
                    "coord": [
                        121.70319268375243,
                        38.80560272098731
                    ],
                    "spd": 20.00017105979322,
                    "course": 418.08390410545746
                },
                "a8": {
                    "coord": [
                        121.69773404977875,
                        38.80132324165456
                    ],
                    "spd": 20.00017105979311,
                    "course": 418.12578647576794
                }
            },
            "road": [
                {
                    "id": "a1",
                    "path": {
                        "shape": "LineString",
                        "points": [
                            {
                                "coord": [
                                    121.69025385313081,
                                    38.83122496033754
                                ],
                                "spd": 1934143.2626611486
                            }
                        ]
                    }
                },
                {
                    "id": "a2",
                    "path": {
                        "shape": "LineString",
                        "points": [
                            {
                                "coord": [
                                    121.6942698560083,
                                    38.82694737390313
                                ],
                                "spd": 1934143.216892179
                            }
                        ]
                    }
                },
                {
                    "id": "a3",
                    "path": {
                        "shape": "LineString",
                        "points": [
                            {
                                "coord": [
                                    121.69552336248783,
                                    38.82258867535283
                                ],
                                "spd": 1934143.109199664
                            }
                        ]
                    }
                },
                {
                    "id": "a4",
                    "path": {
                        "shape": "LineString",
                        "points": [
                            {
                                "coord": [
                                    121.69379042743026,
                                    38.818332669579526
                                ],
                                "spd": 1934143.1198938543
                            }
                        ]
                    }
                },
                {
                    "id": "a5",
                    "path": {
                        "shape": "LineString",
                        "points": [
                            {
                                "coord": [
                                    121.699768012609,
                                    38.814079443601166
                                ],
                                "spd": 1934143.122463497
                            }
                        ]
                    }
                },
                {
                    "id": "a6",
                    "path": {
                        "shape": "LineString",
                        "points": [
                            {
                                "coord": [
                                    121.70572269583617,
                                    38.8098184308891
                                ],
                                "spd": 1934143.117679789
                            }
                        ]
                    }
                },
                {
                    "id": "a7",
                    "path": {
                        "shape": "LineString",
                        "points": [
                            {
                                "coord": [
                                    121.70260058404894,
                                    38.80560164062153
                                ],
                                "spd": 1934143.1566069599
                            }
                        ]
                    }
                },
                {
                    "id": "a8",
                    "path": {
                        "shape": "LineString",
                        "points": [
                            {
                                "coord": [
                                    121.69714203897585,
                                    38.80132234602772
                                ],
                                "spd": 1934143.141987183
                            }
                        ]
                    }
                }
            ]
        }
    }
}