{
    "id": 1,
    "method": "stage_1",
    "content": {
        "arguments": {
            "vesPostion": {
                "a1": {
                    "coord": [
                        121.68492028971788,
                        38.83120065578695
                    ],
                    "spd": 20.000171059793313,
                    "course": 417.7800785089283
                },
                "a2": {
                    "coord": [
                        121.68893700182211,
                        38.826929242479515
                    ],
                    "spd": 20.00017105979301,
                    "course": 417.911199277791
                },
                "a3": {
                    "coord": [
                        121.6901912121942,
                        38.82258468514207
                    ],
                    "spd": 20.000171059793136,
                    "course": 418.21971511313245
                },
                "a4": {
                    "coord": [
                        121.68845909030956,
                        38.81832720305501
                    ],
                    "spd": 20.000171059793086,
                    "course": 418.1890787628043
                },
                "a5": {
                    "coord": [
                        121.6944374827268,
                        38.81407391496434
                    ],
                    "spd": 20.00017105979314,
                    "course": 418.1817173349618
                },
                "a6": {
                    "coord": [
                        121.70039297065784,
                        38.80981380002749
                    ],
                    "spd": 20.000171059793118,
                    "course": 418.19542154340485
                },
                "a7": {
                    "coord": [
                        121.6972716887847,
                        38.805591782314295
                    ],
                    "spd": 20.00017105979322,
                    "course": 418.08390410545746
                },
                "a8": {
                    "coord": [
                        121.69181394346636,
                        38.80131415041507
                    ],
                    "spd": 20.000171059793296,
                    "course": 418.1257864757671
                }
            },
            "road": [
                {
                    "id": "a1",
                    "path": {
                        "shape": "LineString",
                        "points": [
                            {
                                "coord": [
                                    121.68432767213156,
                                    38.83119794025175
                                ],
                                "spd": 1934143.262661148
                            }
                        ]
                    }
                },
                {
                    "id": "a2",
                    "path": {
                        "shape": "LineString",
                        "points": [
                            {
                                "coord": [
                                    121.6883444628941,
                                    38.826927212851096
                                ],
                                "spd": 1934143.216892179
                            }
                        ]
                    }
                },
                {
                    "id": "a3",
                    "path": {
                        "shape": "LineString",
                        "points": [
                            {
                                "coord": [
                                    121.68959875114508,
                                    38.82258422676313
                                ],
                                "spd": 1934143.109199664
                            }
                        ]
                    }
                },
                {
                    "id": "a4",
                    "path": {
                        "shape": "LineString",
                        "points": [
                            {
                                "coord": [
                                    121.68786671964759,
                                    38.81832658064632
                                ],
                                "spd": 1934143.1198938543
                            }
                        ]
                    }
                },
                {
                    "id": "a5",
                    "path": {
                        "shape": "LineString",
                        "points": [
                            {
                                "coord": [
                                    121.69384520175943,
                                    38.81407328565932
                                ],
                                "spd": 1934143.1224634969
                            }
                        ]
                    }
                },
                {
                    "id": "a6",
                    "path": {
                        "shape": "LineString",
                        "points": [
                            {
                                "coord": [
                                    121.69980077908097,
                                    38.80981327048027
                                ],
                                "spd": 1934143.117679789
                            }
                        ]
                    }
                },
                {
                    "id": "a7",
                    "path": {
                        "shape": "LineString",
                        "points": [
                            {
                                "coord": [
                                    121.6966795895429,
                                    38.80559067194514
                                ],
                                "spd": 1934143.1566069594
                            }
                        ]
                    }
                },
                {
                    "id": "a8",
                    "path": {
                        "shape": "LineString",
                        "points": [
                            {
                                "coord": [
                                    121.69122193304725,
                                    38.80131322479466
                                ],
                                "spd": 1934143.1419871831
                            }
                        ]
                    }
                }
            ]
        }
    }
}