{
    "id": 1,
    "method": "stage_1",
    "content": {
        "arguments": {
            "vesPostion": {
                "a1": {
                    "coord": [
                        121.67484580642213,
                        38.831154082886016
                    ],
                    "spd": 20.000171059793313,
                    "course": 417.7800785089283
                },
                "a2": {
                    "coord": [
                        121.67886385178141,
                        38.82689433009621
                    ],
                    "spd": 20.00017105979336,
                    "course": 417.91119927779135
                },
                "a3": {
                    "coord": [
                        121.68011937708317,
                        38.822576484097254
                    ],
                    "spd": 20.000171059793285,
                    "course": 418.2197151131327
                },
                "a4": {
                    "coord": [
                        121.67838879271987,
                        38.81831621364343
                    ],
                    "spd": 20.000171059793235,
                    "course": 418.18907876280457
                },
                "a5": {
                    "coord": [
                        121.68436870998444,
                        38.81406280845211
                    ],
                    "spd": 20.00017105979314,
                    "course": 418.1817173349618
                },
                "a6": {
                    "coord": [
                        121.69032571698158,
                        38.80980438953362
                    ],
                    "spd": 20.000171059793193,
                    "course": 418.195421543405
                },
                "a7": {
                    "coord": [
                        121.68720600813366,
                        38.80557249799396
                    ],
                    "spd": 20.00017105979322,
                    "course": 418.08390410545746
                },
                "a8": {
                    "coord": [
                        121.68174977174122,
                        38.80129800695701
                    ],
                    "spd": 20.00017105979311,
                    "course": 418.12578647576794
                }
            },
            "road": [
                {
                    "id": "a1",
                    "path": {
                        "shape": "LineString",
                        "points": [
                            {
                                "coord": [
                                    121.67425319080124,
                                    38.831151316250605
                                ],
                                "spd": 1934143.262661148
                            }
                        ]
                    }
                },
                {
                    "id": "a2",
                    "path": {
                        "shape": "LineString",
                        "points": [
                            {
                                "coord": [
                                    121.67827131432684,
                                    38.82689224938034
                                ],
                                "spd": 1934143.216892179
                            }
                        ]
                    }
                },
                {
                    "id": "a3",
                    "path": {
                        "shape": "LineString",
                        "points": [
                            {
                                "coord": [
                                    121.67952691638101,
                                    38.822575974642966
                                ],
                                "spd": 1934143.109199664
                            }
                        ]
                    }
                },
                {
                    "id": "a4",
                    "path": {
                        "shape": "LineString",
                        "points": [
                            {
                                "coord": [
                                    121.67779642252233,
                                    38.818315540176776
                                ],
                                "spd": 1934143.1198938543
                            }
                        ]
                    }
                },
                {
                    "id": "a5",
                    "path": {
                        "shape": "LineString",
                        "points": [
                            {
                                "coord": [
                                    121.68377642948639,
                                    38.814062128106244
                                ],
                                "spd": 1934143.122463497
                            }
                        ]
                    }
                },
                {
                    "id": "a6",
                    "path": {
                        "shape": "LineString",
                        "points": [
                            {
                                "coord": [
                                    121.68973352580248,
                                    38.80980380896252
                                ],
                                "spd": 1934143.117679789
                            }
                        ]
                    }
                },
                {
                    "id": "a7",
                    "path": {
                        "shape": "LineString",
                        "points": [
                            {
                                "coord": [
                                    121.68661390970577,
                                    38.80557133661926
                                ],
                                "spd": 1934143.1566069594
                            }
                        ]
                    }
                },
                {
                    "id": "a8",
                    "path": {
                        "shape": "LineString",
                        "points": [
                            {
                                "coord": [
                                    121.68115776200354,
                                    38.80129703034775
                                ],
                                "spd": 1934143.1419871831
                            }
                        ]
                    }
                }
            ]
        }
    }
}