{
    "id": 1,
    "method": "stage_1",
    "content": {
        "arguments": {
            "vesPostion": {
                "a1": {
                    "coord": [
                        121.67069749953214,
                        38.83113465331479
                    ],
                    "spd": 20.000171059793313,
                    "course": 417.7800785089283
                },
                "a2": {
                    "coord": [
                        121.6747160914479,
                        38.82687970197749
                    ],
                    "spd": 20.00017105979336,
                    "course": 417.91119927779135
                },
                "a3": {
                    "coord": [
                        121.67597215262481,
                        38.822572854824266
                    ],
                    "spd": 20.000171059793285,
                    "course": 418.2197151131327
                },
                "a4": {
                    "coord": [
                        121.67424220193921,
                        38.818311436305386
                    ],
                    "spd": 20.00017105979333,
                    "course": 418.1890787628041
                },
                "a5": {
                    "coord": [
                        121.68022274710619,
                        38.814057982980756
                    ],
                    "spd": 20.000171059793235,
                    "course": 418.1817173349614
                },
                "a6": {
                    "coord": [
                        121.68618037924759,
                        38.809800262506585
                    ],
                    "spd": 20.000171059793043,
                    "course": 418.19542154340473
                },
                "a7": {
                    "coord": [
                        121.68306132017207,
                        38.805564305364335
                    ],
                    "spd": 20.00017105979322,
                    "course": 418.08390410545746
                },
                "a8": {
                    "coord": [
                        121.67760570444747,
                        38.80129110770598
                    ],
                    "spd": 20.000171059793296,
                    "course": 418.1257864757671
                }
            },
            "road": [
                {
                    "id": "a1",
                    "path": {
                        "shape": "LineString",
                        "points": [
                            {
                                "coord": [
                                    121.6701048847312,
                                    38.83113186563829
                                ],
                                "spd": 1934143.262661148
                            }
                        ]
                    }
                },
                {
                    "id": "a2",
                    "path": {
                        "shape": "LineString",
                        "points": [
                            {
                                "coord": [
                                    121.6741235546107,
                                    38.82687760022575
                                ],
                                "spd": 1934143.216892179
                            }
                        ]
                    }
                },
                {
                    "id": "a3",
                    "path": {
                        "shape": "LineString",
                        "points": [
                            {
                                "coord": [
                                    121.67537969207612,
                                    38.822572324338985
                                ],
                                "spd": 1934143.109199664
                            }
                        ]
                    }
                },
                {
                    "id": "a4",
                    "path": {
                        "shape": "LineString",
                        "points": [
                            {
                                "coord": [
                                    121.67364983194355,
                                    38.8183107418149
                                ],
                                "spd": 1934143.1198938543
                            }
                        ]
                    }
                },
                {
                    "id": "a5",
                    "path": {
                        "shape": "LineString",
                        "points": [
                            {
                                "coord": [
                                    121.67963046681203,
                                    38.81405728161812
                                ],
                                "spd": 1934143.122463497
                            }
                        ]
                    }
                },
                {
                    "id": "a6",
                    "path": {
                        "shape": "LineString",
                        "points": [
                            {
                                "coord": [
                                    121.6855881882429,
                                    38.8097996609257
                                ],
                                "spd": 1934143.117679789
                            }
                        ]
                    }
                },
                {
                    "id": "a7",
                    "path": {
                        "shape": "LineString",
                        "points": [
                            {
                                "coord": [
                                    121.68246922208992,
                                    38.80556312298741
                                ],
                                "spd": 1934143.1566069594
                            }
                        ]
                    }
                },
                {
                    "id": "a8",
                    "path": {
                        "shape": "LineString",
                        "points": [
                            {
                                "coord": [
                                    121.67701369500101,
                                    38.80129011010134
                                ],
                                "spd": 1934143.141987183
                            }
                        ]
                    }
                }
            ]
        }
    }
}