{
    "id": 1,
    "method": "stage_1",
    "content": {
        "arguments": {
            "vesPostion": {
                "a1": {
                    "coord": [
                        121.6724753446396,
                        38.83114299830912
                    ],
                    "spd": 20.000171059793015,
                    "course": 417.7800785089277
                },
                "a2": {
                    "coord": [
                        121.6764937024905,
                        38.82688598920198
                    ],
                    "spd": 20.00017105979336,
                    "course": 417.91119927779135
                },
                "a3": {
                    "coord": [
                        121.67774953440421,
                        38.82257442825354
                    ],
                    "spd": 20.000171059793285,
                    "course": 418.2197151131327
                },
                "a4": {
                    "coord": [
                        121.67601931210099,
                        38.81831350175639
                    ],
                    "spd": 20.00017105979333,
                    "course": 418.1890787628041
                },
                "a5": {
                    "coord": [
                        121.68199958816523,
                        38.814060069054285
                    ],
                    "spd": 20.00017105979314,
                    "course": 418.1817173349618
                },
                "a6": {
                    "coord": [
                        121.68795695241292,
                        38.80980204924085
                    ],
                    "spd": 20.000171059793193,
                    "course": 418.195421543405
                },
                "a7": {
                    "coord": [
                        121.68483761471664,
                        38.80556783449322
                    ],
                    "spd": 20.00017105979322,
                    "course": 418.08390410545746
                },
                "a8": {
                    "coord": [
                        121.6793817330383,
                        38.80129408252388
                    ],
                    "spd": 20.000171059793296,
                    "course": 418.1257864757671
                }
            },
            "road": [
                {
                    "id": "a1",
                    "path": {
                        "shape": "LineString",
                        "points": [
                            {
                                "coord": [
                                    121.67188272948647,
                                    38.831140219650216
                                ],
                                "spd": 1934143.262661148
                            }
                        ]
                    }
                },
                {
                    "id": "a2",
                    "path": {
                        "shape": "LineString",
                        "points": [
                            {
                                "coord": [
                                    121.67590116538794,
                                    38.82688389646561
                                ],
                                "spd": 1934143.216892179
                            }
                        ]
                    }
                },
                {
                    "id": "a3",
                    "path": {
                        "shape": "LineString",
                        "points": [
                            {
                                "coord": [
                                    121.67715707378899,
                                    38.82257390678154
                                ],
                                "spd": 1934143.109199664
                            }
                        ]
                    }
                },
                {
                    "id": "a4",
                    "path": {
                        "shape": "LineString",
                        "points": [
                            {
                                "coord": [
                                    121.67542694201805,
                                    38.81831281627612
                                ],
                                "spd": 1934143.1198938538
                            }
                        ]
                    }
                },
                {
                    "id": "a5",
                    "path": {
                        "shape": "LineString",
                        "points": [
                            {
                                "coord": [
                                    121.68140730778292,
                                    38.814059376698836
                                ],
                                "spd": 1934143.122463497
                            }
                        ]
                    }
                },
                {
                    "id": "a6",
                    "path": {
                        "shape": "LineString",
                        "points": [
                            {
                                "coord": [
                                    121.68736476133273,
                                    38.80980145666416
                                ],
                                "spd": 1934143.117679789
                            }
                        ]
                    }
                },
                {
                    "id": "a7",
                    "path": {
                        "shape": "LineString",
                        "points": [
                            {
                                "coord": [
                                    121.68424551648555,
                                    38.80556666111724
                                ],
                                "spd": 1934143.1566069594
                            }
                        ]
                    }
                },
                {
                    "id": "a8",
                    "path": {
                        "shape": "LineString",
                        "points": [
                            {
                                "coord": [
                                    121.67878972346628,
                                    38.801293093917245
                                ],
                                "spd": 1934143.141987183
                            }
                        ]
                    }
                }
            ]
        }
    }
}