{
    "id": 1,
    "method": "stage_1",
    "content": {
        "arguments": {
            "vesPostion": {
                "a1": {
                    "coord": [
                        121.67306795990983,
                        38.831145773962156
                    ],
                    "spd": 20.000171059793313,
                    "course": 417.7800785089283
                },
                "a2": {
                    "coord": [
                        121.67708623968124,
                        38.82688807893322
                    ],
                    "spd": 20.00017105979306,
                    "course": 417.9111992777908
                },
                "a3": {
                    "coord": [
                        121.67834199504138,
                        38.822574946721126
                    ],
                    "spd": 20.000171059793285,
                    "course": 418.2197151131327
                },
                "a4": {
                    "coord": [
                        121.67661168221277,
                        38.81831418423325
                    ],
                    "spd": 20.00017105979333,
                    "course": 418.1890787628041
                },
                "a5": {
                    "coord": [
                        121.68259186857664,
                        38.81406075840734
                    ],
                    "spd": 20.00017105979314,
                    "course": 418.1817173349618
                },
                "a6": {
                    "coord": [
                        121.68854914351803,
                        38.80980263881614
                    ],
                    "spd": 20.000171059793193,
                    "course": 418.195421543405
                },
                "a7": {
                    "coord": [
                        121.6854297129971,
                        38.80556900486888
                    ],
                    "spd": 20.00017105979322,
                    "course": 418.08390410545746
                },
                "a8": {
                    "coord": [
                        121.67997374265194,
                        38.80129506813117
                    ],
                    "spd": 20.000171059793296,
                    "course": 418.1257864757671
                }
            },
            "road": [
                {
                    "id": "a1",
                    "path": {
                        "shape": "LineString",
                        "points": [
                            {
                                "coord": [
                                    121.6724753446396,
                                    38.83114299830912
                                ],
                                "spd": 1934143.2626611486
                            }
                        ]
                    }
                },
                {
                    "id": "a2",
                    "path": {
                        "shape": "LineString",
                        "points": [
                            {
                                "coord": [
                                    121.6764937024905,
                                    38.82688598920198
                                ],
                                "spd": 1934143.216892179
                            }
                        ]
                    }
                },
                {
                    "id": "a3",
                    "path": {
                        "shape": "LineString",
                        "points": [
                            {
                                "coord": [
                                    121.67774953440421,
                                    38.82257442825354
                                ],
                                "spd": 1934143.109199664
                            }
                        ]
                    }
                },
                {
                    "id": "a4",
                    "path": {
                        "shape": "LineString",
                        "points": [
                            {
                                "coord": [
                                    121.67601931210099,
                                    38.81831350175639
                                ],
                                "spd": 1934143.1198938543
                            }
                        ]
                    }
                },
                {
                    "id": "a5",
                    "path": {
                        "shape": "LineString",
                        "points": [
                            {
                                "coord": [
                                    121.68199958816523,
                                    38.814060069054285
                                ],
                                "spd": 1934143.122463497
                            }
                        ]
                    }
                },
                {
                    "id": "a6",
                    "path": {
                        "shape": "LineString",
                        "points": [
                            {
                                "coord": [
                                    121.68795695241292,
                                    38.80980204924085
                                ],
                                "spd": 1934143.117679789
                            }
                        ]
                    }
                },
                {
                    "id": "a7",
                    "path": {
                        "shape": "LineString",
                        "points": [
                            {
                                "coord": [
                                    121.68483761471664,
                                    38.80556783449322
                                ],
                                "spd": 1934143.1566069599
                            }
                        ]
                    }
                },
                {
                    "id": "a8",
                    "path": {
                        "shape": "LineString",
                        "points": [
                            {
                                "coord": [
                                    121.6793817330383,
                                    38.80129408252388
                                ],
                                "spd": 1934143.1419871831
                            }
                        ]
                    }
                }
            ]
        }
    }
}