{
    "id": 1,
    "method": "stage_1",
    "content": {
        "arguments": {
            "vesPostion": {
                "a1": {
                    "coord": [
                        121.66417874321289,
                        38.83110382355109
                    ],
                    "spd": 20.000171059793313,
                    "course": 417.7800785089283
                },
                "a2": {
                    "coord": [
                        121.66819819113809,
                        38.82685641742699
                    ],
                    "spd": 20.00017105979336,
                    "course": 417.91119927779135
                },
                "a3": {
                    "coord": [
                        121.66945508784394,
                        38.82256685424278
                    ],
                    "spd": 20.000171059793285,
                    "course": 418.2197151131327
                },
                "a4": {
                    "coord": [
                        121.66772613362193,
                        38.81830363172308
                    ],
                    "spd": 20.00017105979333,
                    "course": 418.1890787628041
                },
                "a5": {
                    "coord": [
                        121.67370766552104,
                        38.81405010286015
                    ],
                    "spd": 20.000171059793196,
                    "course": 418.1817173349625
                },
                "a6": {
                    "coord": [
                        121.67966627961518,
                        38.80979348004006
                    ],
                    "spd": 20.000171059793043,
                    "course": 418.19542154340473
                },
                "a7": {
                    "coord": [
                        121.67654824403378,
                        38.80555113420107
                    ],
                    "spd": 20.00017105979322,
                    "course": 418.08390410545746
                },
                "a8": {
                    "coord": [
                        121.67109360287293,
                        38.80127996909164
                    ],
                    "spd": 20.000171059793296,
                    "course": 418.1257864757671
                }
            },
            "road": [
                {
                    "id": "a1",
                    "path": {
                        "shape": "LineString",
                        "points": [
                            {
                                "coord": [
                                    121.66417874321289,
                                    38.83110382355109
                                ],
                                "spd": 1934143.0953587806
                            }
                        ]
                    }
                },
                {
                    "id": "a2",
                    "path": {
                        "shape": "LineString",
                        "points": [
                            {
                                "coord": [
                                    121.66760565528355,
                                    38.826854282619
                                ],
                                "spd": 1934143.216892179
                            }
                        ]
                    }
                },
                {
                    "id": "a3",
                    "path": {
                        "shape": "LineString",
                        "points": [
                            {
                                "coord": [
                                    121.66886262754898,
                                    38.82256629070883
                                ],
                                "spd": 1934143.109199664
                            }
                        ]
                    }
                },
                {
                    "id": "a4",
                    "path": {
                        "shape": "LineString",
                        "points": [
                            {
                                "coord": [
                                    121.66713376395606,
                                    38.818302904195214
                                ],
                                "spd": 1934143.1198938538
                            }
                        ]
                    }
                },
                {
                    "id": "a5",
                    "path": {
                        "shape": "LineString",
                        "points": [
                            {
                                "coord": [
                                    121.67311538555978,
                                    38.8140493684712
                                ],
                                "spd": 1934143.122463497
                            }
                        ]
                    }
                },
                {
                    "id": "a6",
                    "path": {
                        "shape": "LineString",
                        "points": [
                            {
                                "coord": [
                                    121.67907408889711,
                                    38.80979284544382
                                ],
                                "spd": 1934143.117679789
                            }
                        ]
                    }
                },
                {
                    "id": "a7",
                    "path": {
                        "shape": "LineString",
                        "points": [
                            {
                                "coord": [
                                    121.6759561465075,
                                    38.80554991882073
                                ],
                                "spd": 1934143.1566069599
                            }
                        ]
                    }
                },
                {
                    "id": "a8",
                    "path": {
                        "shape": "LineString",
                        "points": [
                            {
                                "coord": [
                                    121.67050159389656,
                                    38.80127893849436
                                ],
                                "spd": 1934143.141987183
                            }
                        ]
                    }
                }
            ]
        }
    }
}