{
    "id": 1,
    "method": "stage_1",
    "content": {
        "arguments": {
            "vesPostion": {
                "a1": {
                    "coord": [
                        121.66477135683172,
                        38.83110664128614
                    ],
                    "spd": 20.000171059793015,
                    "course": 417.7800785089277
                },
                "a2": {
                    "coord": [
                        121.66879072708258,
                        38.826858549229854
                    ],
                    "spd": 20.00017105979306,
                    "course": 417.9111992777908
                },
                "a3": {
                    "coord": [
                        121.67004754816259,
                        38.82256741477231
                    ],
                    "spd": 20.000171059793285,
                    "course": 418.2197151131327
                },
                "a4": {
                    "coord": [
                        121.66831850331843,
                        38.81830435624756
                    ],
                    "spd": 20.00017105979333,
                    "course": 418.1890787628041
                },
                "a5": {
                    "coord": [
                        121.67429994551317,
                        38.81405083424671
                    ],
                    "spd": 20.000171059793235,
                    "course": 418.1817173349614
                },
                "a6": {
                    "coord": [
                        121.68025847035993,
                        38.80979411163489
                    ],
                    "spd": 20.000171059793043,
                    "course": 418.19542154340473
                },
                "a7": {
                    "coord": [
                        121.67714034161125,
                        38.80555234658109
                    ],
                    "spd": 20.00017105979322,
                    "course": 418.08390410545746
                },
                "a8": {
                    "coord": [
                        121.67168561189266,
                        38.80128099668959
                    ],
                    "spd": 20.000171059793296,
                    "course": 418.1257864757671
                }
            },
            "road": [
                {
                    "id": "a1",
                    "path": {
                        "shape": "LineString",
                        "points": [
                            {
                                "coord": [
                                    121.66417874321289,
                                    38.83110382355109
                                ],
                                "spd": 1934143.2626611486
                            }
                        ]
                    }
                },
                {
                    "id": "a2",
                    "path": {
                        "shape": "LineString",
                        "points": [
                            {
                                "coord": [
                                    121.66819819113809,
                                    38.82685641742699
                                ],
                                "spd": 1934143.216892179
                            }
                        ]
                    }
                },
                {
                    "id": "a3",
                    "path": {
                        "shape": "LineString",
                        "points": [
                            {
                                "coord": [
                                    121.66945508784394,
                                    38.82256685424278
                                ],
                                "spd": 1934143.109199664
                            }
                        ]
                    }
                },
                {
                    "id": "a4",
                    "path": {
                        "shape": "LineString",
                        "points": [
                            {
                                "coord": [
                                    121.66772613362193,
                                    38.81830363172308
                                ],
                                "spd": 1934143.1198938543
                            }
                        ]
                    }
                },
                {
                    "id": "a5",
                    "path": {
                        "shape": "LineString",
                        "points": [
                            {
                                "coord": [
                                    121.67370766552104,
                                    38.81405010286015
                                ],
                                "spd": 1934143.122463497
                            }
                        ]
                    }
                },
                {
                    "id": "a6",
                    "path": {
                        "shape": "LineString",
                        "points": [
                            {
                                "coord": [
                                    121.67966627961518,
                                    38.80979348004006
                                ],
                                "spd": 1934143.117679789
                            }
                        ]
                    }
                },
                {
                    "id": "a7",
                    "path": {
                        "shape": "LineString",
                        "points": [
                            {
                                "coord": [
                                    121.67654824403378,
                                    38.80555113420107
                                ],
                                "spd": 1934143.1566069594
                            }
                        ]
                    }
                },
                {
                    "id": "a8",
                    "path": {
                        "shape": "LineString",
                        "points": [
                            {
                                "coord": [
                                    121.67109360287293,
                                    38.80127996909164
                                ],
                                "spd": 1934143.1419871831
                            }
                        ]
                    }
                }
            ]
        }
    }
}