{
    "id": 1,
    "method": "stage_1",
    "content": {
        "arguments": {
            "vesPostion": {
                "a1": {
                    "coord": [
                        121.66417874321289,
                        38.83110382355109
                    ],
                    "spd": 0.0,
                    "course": 90.0
                },
                "a2": {
                    "coord": [
                        121.66642058384494,
                        38.826850003987744
                    ],
                    "spd": 20.00017105979336,
                    "course": 417.91119927779135
                },
                "a3": {
                    "coord": [
                        121.66767770703068,
                        38.82256515462766
                    ],
                    "spd": 20.000171059793285,
                    "course": 418.2197151131327
                },
                "a4": {
                    "coord": [
                        121.66594902471662,
                        38.818301440129275
                    ],
                    "spd": 20.00017105979333,
                    "course": 418.1890787628041
                },
                "a5": {
                    "coord": [
                        121.67193082573048,
                        38.81404789068614
                    ],
                    "spd": 20.000171059793235,
                    "course": 418.1817173349614
                },
                "a6": {
                    "coord": [
                        121.67788970754152,
                        38.80979156724718
                    ],
                    "spd": 20.000171059793043,
                    "course": 418.19542154340473
                },
                "a7": {
                    "coord": [
                        121.67477195160888,
                        38.80554747905918
                    ],
                    "spd": 20.000171059793036,
                    "course": 418.0839041054583
                },
                "a8": {
                    "coord": [
                        121.66931757607446,
                        38.80127686830181
                    ],
                    "spd": 20.00017105979311,
                    "course": 418.12578647576794
                }
            },
            "road": [
                {
                    "id": "a1",
                    "path": {
                        "shape": "LineString",
                        "points": [
                            {
                                "coord": [
                                    121.66417874321289,
                                    38.83110382355109
                                ],
                                "spd": 1934143.0953587806
                            }
                        ]
                    }
                },
                {
                    "id": "a2",
                    "path": {
                        "shape": "LineString",
                        "points": [
                            {
                                "coord": [
                                    121.66582804826108,
                                    38.82684786016446
                                ],
                                "spd": 1934143.216892179
                            }
                        ]
                    }
                },
                {
                    "id": "a3",
                    "path": {
                        "shape": "LineString",
                        "points": [
                            {
                                "coord": [
                                    121.66708524680757,
                                    38.82256458208044
                                ],
                                "spd": 1934143.109199664
                            }
                        ]
                    }
                },
                {
                    "id": "a4",
                    "path": {
                        "shape": "LineString",
                        "points": [
                            {
                                "coord": [
                                    121.66535665514334,
                                    38.81830070359121
                                ],
                                "spd": 1934143.1198938543
                            }
                        ]
                    }
                },
                {
                    "id": "a5",
                    "path": {
                        "shape": "LineString",
                        "points": [
                            {
                                "coord": [
                                    121.67133854586268,
                                    38.814047147290026
                                ],
                                "spd": 1934143.122463497
                            }
                        ]
                    }
                },
                {
                    "id": "a6",
                    "path": {
                        "shape": "LineString",
                        "points": [
                            {
                                "coord": [
                                    121.67729751690428,
                                    38.809790923646766
                                ],
                                "spd": 1934143.117679789
                            }
                        ]
                    }
                },
                {
                    "id": "a7",
                    "path": {
                        "shape": "LineString",
                        "points": [
                            {
                                "coord": [
                                    121.67417985423684,
                                    38.80554625467794
                                ],
                                "spd": 1934143.1566069594
                            }
                        ]
                    }
                },
                {
                    "id": "a8",
                    "path": {
                        "shape": "LineString",
                        "points": [
                            {
                                "coord": [
                                    121.66872556722899,
                                    38.80127582870655
                                ],
                                "spd": 1934143.141987183
                            }
                        ]
                    }
                }
            ]
        }
    }
}