{
    "id": 1,
    "method": "stage_1",
    "content": {
        "arguments": {
            "vesPostion": {
                "a1": {
                    "coord": [
                        121.66417874321289,
                        38.83110382355109
                    ],
                    "spd": 0.0,
                    "course": 90.0
                },
                "a2": {
                    "coord": [
                        121.66523551276771,
                        38.826845713336084
                    ],
                    "spd": 20.00017105979336,
                    "course": 417.91119927779135
                },
                "a3": {
                    "coord": [
                        121.66649278660869,
                        38.8225640065288
                    ],
                    "spd": 20.000171059793285,
                    "course": 418.2197151131327
                },
                "a4": {
                    "coord": [
                        121.6647642856012,
                        38.818299964049764
                    ],
                    "spd": 20.00017105979333,
                    "course": 418.1890787628041
                },
                "a5": {
                    "coord": [
                        121.67074626602631,
                        38.81404640089153
                    ],
                    "spd": 20.000171059793235,
                    "course": 418.1817173349614
                },
                "a6": {
                    "coord": [
                        121.67670532629421,
                        38.80979027704497
                    ],
                    "spd": 20.000171059793043,
                    "course": 418.19542154340473
                },
                "a7": {
                    "coord": [
                        121.67358775691646,
                        38.805545027296404
                    ],
                    "spd": 20.000171059793036,
                    "course": 418.0839041054583
                },
                "a8": {
                    "coord": [
                        121.66813355842737,
                        38.80127478611196
                    ],
                    "spd": 20.00017105979311,
                    "course": 418.12578647576794
                }
            },
            "road": [
                {
                    "id": "a1",
                    "path": {
                        "shape": "LineString",
                        "points": [
                            {
                                "coord": [
                                    121.66417874321289,
                                    38.83110382355109
                                ],
                                "spd": 1934143.0953587806
                            }
                        ]
                    }
                },
                {
                    "id": "a2",
                    "path": {
                        "shape": "LineString",
                        "points": [
                            {
                                "coord": [
                                    121.66464297736493,
                                    38.826843563502614
                                ],
                                "spd": 1934143.216892179
                            }
                        ]
                    }
                },
                {
                    "id": "a3",
                    "path": {
                        "shape": "LineString",
                        "points": [
                            {
                                "coord": [
                                    121.66590032643413,
                                    38.82256342797274
                                ],
                                "spd": 1934143.109199664
                            }
                        ]
                    }
                },
                {
                    "id": "a4",
                    "path": {
                        "shape": "LineString",
                        "points": [
                            {
                                "coord": [
                                    121.66417191609025,
                                    38.81829922150491
                                ],
                                "spd": 1934143.1198938543
                            }
                        ]
                    }
                },
                {
                    "id": "a5",
                    "path": {
                        "shape": "LineString",
                        "points": [
                            {
                                "coord": [
                                    121.67015398622144,
                                    38.81404565149064
                                ],
                                "spd": 1934143.1224634969
                            }
                        ]
                    }
                },
                {
                    "id": "a6",
                    "path": {
                        "shape": "LineString",
                        "points": [
                            {
                                "coord": [
                                    121.67611313571146,
                                    38.80978962744177
                                ],
                                "spd": 1934143.117679789
                            }
                        ]
                    }
                },
                {
                    "id": "a7",
                    "path": {
                        "shape": "LineString",
                        "points": [
                            {
                                "coord": [
                                    121.67299565964791,
                                    38.80554379691456
                                ],
                                "spd": 1934143.1566069594
                            }
                        ]
                    }
                },
                {
                    "id": "a8",
                    "path": {
                        "shape": "LineString",
                        "points": [
                            {
                                "coord": [
                                    121.66754154966978,
                                    38.80127374051805
                                ],
                                "spd": 1934143.1419871831
                            }
                        ]
                    }
                }
            ]
        }
    }
}