{
    "id": 1,
    "method": "stage_1",
    "content": {
        "arguments": {
            "vesPostion": {
                "a1": {
                    "coord": [
                        121.66417874321289,
                        38.83110382355109
                    ],
                    "spd": 0.0,
                    "course": 90.0
                },
                "a2": {
                    "coord": [
                        121.66049523209303,
                        38.82682843052567
                    ],
                    "spd": 20.00017105979306,
                    "course": 417.9111992777908
                },
                "a3": {
                    "coord": [
                        121.66175310590428,
                        38.82255929395658
                    ],
                    "spd": 20.000171059793285,
                    "course": 418.2197151131327
                },
                "a4": {
                    "coord": [
                        121.66002533039934,
                        38.81829393959596
                    ],
                    "spd": 20.00017105979333,
                    "course": 418.1890787628041
                },
                "a5": {
                    "coord": [
                        121.66600802848093,
                        38.81404032161765
                    ],
                    "spd": 20.000171059793047,
                    "course": 418.18171733496223
                },
                "a6": {
                    "coord": [
                        121.67196780240788,
                        38.80978499618052
                    ],
                    "spd": 20.000171059793043,
                    "course": 418.19542154340473
                },
                "a7": {
                    "coord": [
                        121.66885098022875,
                        38.805535100233335
                    ],
                    "spd": 20.000171059793036,
                    "course": 418.0839041054583
                },
                "a8": {
                    "coord": [
                        121.66339748960922,
                        38.80126633737967
                    ],
                    "spd": 20.000171059793296,
                    "course": 418.1257864757671
                }
            },
            "road": [
                {
                    "id": "a1",
                    "path": {
                        "shape": "LineString",
                        "points": [
                            {
                                "coord": [
                                    121.66417874321289,
                                    38.83110382355109
                                ],
                                "spd": 1934143.0953587806
                            }
                        ]
                    }
                },
                {
                    "id": "a2",
                    "path": {
                        "shape": "LineString",
                        "points": [
                            {
                                "coord": [
                                    121.66049523209303,
                                    38.82682843052567
                                ],
                                "spd": 1934143.0953587806
                            }
                        ]
                    }
                },
                {
                    "id": "a3",
                    "path": {
                        "shape": "LineString",
                        "points": [
                            {
                                "coord": [
                                    121.66116064592894,
                                    38.82255869136517
                                ],
                                "spd": 1934143.109199664
                            }
                        ]
                    }
                },
                {
                    "id": "a4",
                    "path": {
                        "shape": "LineString",
                        "points": [
                            {
                                "coord": [
                                    121.65943296114293,
                                    38.81829317302398
                                ],
                                "spd": 1934143.1198938543
                            }
                        ]
                    }
                },
                {
                    "id": "a5",
                    "path": {
                        "shape": "LineString",
                        "points": [
                            {
                                "coord": [
                                    121.66541574893287,
                                    38.81403954819768
                                ],
                                "spd": 1934143.122463497
                            }
                        ]
                    }
                },
                {
                    "id": "a6",
                    "path": {
                        "shape": "LineString",
                        "points": [
                            {
                                "coord": [
                                    121.67137561204827,
                                    38.809784322566216
                                ],
                                "spd": 1934143.117679789
                            }
                        ]
                    }
                },
                {
                    "id": "a7",
                    "path": {
                        "shape": "LineString",
                        "points": [
                            {
                                "coord": [
                                    121.66825888337911,
                                    38.80553384584913
                                ],
                                "spd": 1934143.1566069594
                            }
                        ]
                    }
                },
                {
                    "id": "a8",
                    "path": {
                        "shape": "LineString",
                        "points": [
                            {
                                "coord": [
                                    121.6628054812082,
                                    38.801265267791194
                                ],
                                "spd": 1934143.1419871831
                            }
                        ]
                    }
                }
            ]
        }
    }
}